sample,factual_class,counterfactual_class,x,y,z,E4_BVP,E4_EDA,E4_HR,E4_IBI,E4_TEMP,Attention,delta,lowAlpha,highAlpha,lowBeta,highBeta,lowGamma,middleGamma,theta,Meditation
5,4,1,0,0,0,0,0,0,0,0.24823765900217684,0,0,0,0,0,0,0.30614912598442007,0,0,0
51218,4,2,0,0,0,0,0.48618643861558497,0,0,0,0,0,0,0,0.014121563255309479,0,0,0,0,0
3,4,1,0,0,0,0,0,0,0,0.2764270374272861,0,0,0,0,0,0,0.2987810993659496,0,0,0
55810,4,3,9.236110101320641e-06,0.023573335258898986,0.06890440319675423,0,0.00994312616100255,0.12451725728761538,0,0,1.7002152676620408e-05,0.0021688463537955596,0.09363324476157586,0.12201545924247388,-6.250106785809404e-07,0,0.05505034638669221,0.0250428055336362,0,1.15052981409079e-05
44625,4,5,0.0024240540799726736,2.4437685645992798e-05,0,0,0,0.1442725765076823,0.09934580946235087,0.027162545039871228,0,0,0,2.654339901713503e-05,0.05369706490564215,0.14246483224191706,0.0057475809910735075,0,1.593592983347778e-05,0
47971,4,2,0,0,0,1.1520438103718395e-06,0.2343811678549354,0.23453064164989024,3.211028999690781e-05,0.22402103624670217,0,0,0,0,0,1.0070565865293503e-05,0,-2.1337613896452737e-06,3.854468164175902e-05,0
55795,4,3,0.008231736855472436,0,0.17189591720237463,0,3.156530655779022e-05,0.18259442246188884,0,0,0.08023541026549602,0.012695227923188904,0,0.01867228482180606,0,0,0.006521373692746665,0,0,0.019744322952126782
48760,4,2,0,0,0,0,0.17754144424757304,0.17754029993496173,0,0.16233126831792435,0,0,0,0,0,0,0,1.432361215257236e-06,0,0
46686,4,2,0,0,0,0,0,0,0.48874232531892126,0,0,0,0,0.011816994539128073,0,0,0,0,0,0
45008,4,5,0,2.322957235230665e-05,0,-8.91633640738975e-06,0,0.12918778849547427,0.09437143276093304,2.7592555807102826e-05,0,0.01645149530378915,1.4048613446896487e-05,0.0017440502702318313,0.12435462994509773,0.12927277219757005,0,0,0.0012307990099392795,2.3814623217262172e-06
21004,4,5,0,0,0,0,0.4732243910643963,0,0,0,0,0,0.00036217074232397766,0.010738997290598032,0,0,0,0,0,0
50940,4,2,0,0,0,0,0.49933383489590505,0,0,0,0,0,0,0.0002715681485772926,0,0,0,0,0,0
54748,4,5,0,0,0,0,0,0,0,0.5062972125814547,0,0,0,0,0,0,0,0,0,0
46839,4,2,1.0178408682239519e-05,0,9.56338372374148e-06,0,1.4713681766711999e-05,0.09638311761371939,0.09700993700031482,-4.660471587743204e-06,0.004045800275340687,0.06565561495217496,0,0.09863311082886421,0.06995911067061068,0,0,0,0.0697686650904383,0
20163,4,5,0,0,0,0,0,0.3881741155577313,0,0,0,0,0,0,0.0007274287127241434,0,0.015642871666466232,0,0,0
54848,4,5,0,0,0,0,0,0,0,0.49100157301982505,0,0,0,0,0,0,0,0,0,0
48084,4,2,0,0,0,0,0,0,0.556135017668878,0,0,0,0,0,0,0,0,0,0,0
47794,4,2,0,0,0,0,0,0,0.48564363584729686,0,0,0.0004253228291989482,0,0.01380452778582459,0,0,0,0,0,0
45206,4,2,1.2511214945667384e-05,2.4388994983012737e-05,0,0,0.1647176764821825,0.16750760827048794,0.13851065139912913,0,0,0,0.042429008520746964,0,7.26961863984899e-05,0,2.549664908796325e-05,0.005760714627985117,5.600229632132197e-05,0
55040,4,5,0,0,0,0,0,0,0,0.47756324070308664,0,0,0,0,0,0.02269764154373461,0,0,0,0
49334,4,3,0,0,0,0,0,0.2468003884582304,0,0,0,0.0023164960689046983,0.0002567502170960801,8.796638810580096e-05,0.2468004693003743,0.01624499346539264,0.00011467110154873017,0,0,0
1282,4,3,0,0,0.017196132654400377,0,0.22525698996134405,0,0.2266623847598163,0,0,0.024076738041700168,0,0.002455696835643559,0,8.49708279875559e-06,0.007292782342055023,0,0,0
56833,3,4,0,0,0,0,0.2663137643753939,0.261273987721203,0,0.004000605068675996,0,0.0012959788365450328,0.00718044756545373,2.667336231238571e-05,3.484317561069146e-05,5.539024441015099e-05,0,0,1.8373868224289174e-05,0
6959,3,2,0,0,0,0,0,0,0,0,0.15831205159346132,0,0,0.32852258233820364,0,0.012935881226188968,0,0,0,0
15121,3,2,0,0,3.604985624063203e-05,8.824013036326122e-06,0.21902459212237807,0.3058076940472265,0.04153182934982684,0,4.274487692603629e-05,3.203522155065539e-05,3.661086323211077e-05,0,-4.1000558883247475e-05,0.0038238397573383816,0.0035470371021821246,-9.628610182500447e-06,2.496399401965913e-05,-1.0482930800617584e-05
22097,3,2,1.7954103626513096e-05,0,-1.4854704219579752e-05,0,0.1250746147727354,0.048300651228033856,2.0354071429524563e-05,0,0.10721724152586057,3.878556253460824e-05,0.1306984148147382,3.209211171338723e-05,0.08481184461875649,-2.1626984678826355e-06,0,3.073485042867891e-05,4.333381598791826e-05,0
5944,3,4,0,0,0,0,0,0.07385351692682884,0,0,0,0,0,0,0,0,0.4047482862460856,0,0,0
10372,3,4,0,0,0,0,0,0.05166988833233148,0,0,0,0,0,0.41466005155667296,0,0,0.00047007061399817094,0,0,0
15457,3,2,0,0,0,0,0.41828953190646534,0,0,0,0,0,0,0,0,0,0,0,0,0
6426,3,2,0,0,0,0,0,0.4429657386293826,0,0,0,0,0,0.0010081360336039076,0,0,0.029212040782715956,0,0,0
42436,3,4,0,0,0,2.303066541435122e-06,0.01738334919051193,0,0.09448384879915193,-1.2142525111276345e-06,0.011823080722395537,0.0686045558694929,0.17495191274839614,0.041738860156366325,0.00877820773862508,0.0018011943877453045,0.06599210165229152,0,4.3830084569419215e-05,0.026623439713239248
6483,3,2,0,1.6153561504734784e-05,2.241211467735942e-05,0,0,0.13240111578630498,0.2097275576238361,0,0,0,0,0.018858464455621907,0.008198333328040796,1.3343939943547218e-06,0,0,0.1354440179788935,0
3506,3,4,-9.120413015200822e-06,0,0.0879455962961292,0.006718552865321321,0.13769615344199773,0.10366225058508144,0.10851898790855347,0,1.7783109188171653e-05,0,1.4697722077932654e-05,0.006526774441125052,0.005863903312694529,4.648727658867972e-05,0.04520200004948607,0,0,0
43878,3,5,0,0,0.292711460603741,0,0,0.3014865016948082,0,0,0,0,0,0,0,0,0,0,0,0
22493,3,2,0,0,0,0,0,0,0.4324285999884334,0,0,0,0,0,0.037881445109194195,0,0,0,0,0
12185,3,5,0,0,0,0,0,0.5144430224085269,0,0,0,0,0,0,0,0,0,0,0,0
43717,3,5,0,0,0,0,0.22026093096483562,0.032258399433834885,0,0.2455863619239438,0,0,0,0,0.00015424568702659044,0.0014674122916011334,0,1.206580644027694e-05,0,0
3890,3,4,0,0,0.12240114259563693,0,0.12389506510383078,0.1092385894773312,0.12626082324572188,0,-4.9904355548230735e-06,0.015534997695745904,0,0.004637207937443603,0,2.948474152326803e-05,0,0,-3.410532383072097e-05,0
6390,3,2,1.112740431420596e-05,0,0,-3.983217444533984e-06,0,0.21206405645548748,0.1415114501653916,0.0701313803501307,0,0.029469252210109504,0,7.666010419288753e-05,0,0.040832828217060656,9.417102196510135e-05,0.04526356680494508,0,0
7128,3,2,0,0,0,0,0,0,0,0.23085554182325885,0,0,0,0,0,0.0067374824115848065,0.2636632552594288,0,0,0
22635,3,2,0.029761646670517616,0,0.09216447536904776,0,0,0.016879773266145037,0,0.08387135202693051,1.8350762509362717e-05,0.027782698082240837,0.12947718220343973,0.016167984513510692,0.07419875157216735,0.0018789424876797627,0.003236030053328953,0,0,7.785774335862414e-05
56410,3,4,0,0,4.660122403317894e-05,0,0,0,0,5.4064063278999976e-05,0,0.1798070561944468,0.05427301826433044,0.009673529760642747,0.019676691752691954,0.017594282415854076,0.2080278731571159,0,0,0
25476,2,1,0,0,0,0,0,0.4185944283892227,0,0,0,0,0,0.0017763192399240257,0,0,0.03758070238260217,0,0,0
37385,2,5,0,0,0,0,0.2333996359097405,-1.5356331337079494e-05,-2.090252889285232e-06,0.23430381243958212,0,0.001742291586853135,0,0,3.542448408570527e-05,5.3986142980534904e-05,-4.072322389654033e-06,0.0005405623132500149,0,0
28959,2,4,0,0,0,0,0,0.0269396787869882,0.4755318448786451,0,0,0,0,0,0,0,0,0,0,0
34166,2,3,0,0,0.09390271021507386,0,0,0,0,0,0,0,0,0,0.007665736786058838,0.39765856162787616,0.0008685552257926586,0,0,0
30109,2,4,0,0,0.21391342265804067,0,0,0,0,0,0,0,0,0.27696298725897583,0,0,0.009017992932787341,0,0.00013153275810212195,0
34112,2,4,0,0,0,0,0,0,0,0,0,0,0.018287248848552422,0.00013935988434841026,0,0.0011618494840880355,0.4806105253031171,0,0,0
59045,2,4,0.08722412190932677,0.1365870561815351,0,1.9360281873021308e-06,0.21246260273383774,0.21262811888257677,0.21130751006704812,0,-9.35654548336178e-06,0,0,-9.809749838049574e-06,0.003211868491352106,0,0,0,0.014332119097882005,-2.0518125879498357e-06
28536,2,4,0,0,0,0,0,0,0.5073021998670083,0,0,0.01621055968790326,0,0,0,0,0,0,0,0
35111,2,4,0,0,0.011257349446978392,0,0,0.46330960289413253,0,0,0,0.00028425630996103284,0,0.024593438388841093,0,0,0,0,0,0
40900,2,3,0.020506963789656864,0,0.08479118300198872,9.60148629637128e-06,0.10137496110278969,0.13991401756039024,0,0.13260737128540542,0.015012920629868901,0.00798814282047833,0,2.5773377761045395e-05,0,0,0.00048917779422253,0,0,3.5111219574181248e-06
40076,2,4,0,0,0,0,0.20195522322121173,0,0.2860082455655156,0,0,0,0,0,0,0,0,0.01436863488944094,0,0
40488,2,4,0,0,0,0,0.24174381221430252,0,0,0,2.3709648819312214e-05,0.0002540598284611519,1.0528642271692382e-05,0.2471469135866051,0,0,0.01192834514870298,4.812289674848651e-05,0,0
59431,2,4,0,0,0,0,0,0.49284933321769625,0,0,0,0,0,0,0,0,0,0,0,0
29352,2,3,0,0,0,0,0,0,4.498239551161791e-05,0.11261224307942294,0,0,0,0.18876011549539484,8.340285084064215e-05,0.19732819219747227,0,0.00028188200016771427,0.00016351735341063681,0
35701,2,4,0.023418513821208,0,0,0,9.04521365726244e-05,0.1823196215462065,0.1738414874046302,0.06771962700786027,0,0,0,3.0510655029728515e-05,0.0015492161359155193,4.016552958401715e-06,9.156751105694633e-05,0.0544073790750194,0,0
25711,2,1,0,0,0,0,0.08595209962389498,0.07716594225662936,0,0,0,0.082811147552319,2.483714096273913e-05,0.05713729918367094,0.0015332667479673052,0.062042542834265774,0.10876457716317552,0,0,0.032205988940225354
28438,2,4,0,0,0,0,0,0,0.4563332858751409,0,0,0.04096043770156707,0,0.0017795352624671332,0,0,0,0,0,0
29649,2,3,3.5342155239917355e-06,0,0,0,2.450917202281589e-05,0.02607091783030364,0,0.11344798075802796,0.09822838368334731,1.0704929150481633e-05,0.016449132436970326,0.0190546709585379,0.0007999817416959753,0.22440435783688395,0.00027570660314260836,0,1.8368242169057544e-05,0
23267,2,1,0.19598880878596042,0,0,0,0.2728471141286881,0,0,0.02293529087758619,0,0,0.0003592294353075256,0,0,0,0,0,0,0
28077,2,4,0,0,0,0,0.06883187837319513,0,0.4264575800368495,0,0,0,0,0,0,0,0.004992850336065036,0,0,0
54251,5,4,0,0,0,0,0,0,0,0.5756419162008483,0,0,0,0,0,0,0,0,0,0
52697,5,4,0,0,0,0,0.261315282062647,0,0.2271437762452001,0,0,0.011662870665408463,0,0,0,0,0,0,0,0
52292,5,2,0,0,0,0,0,0,0,0.4969075396157543,0,0,0,0,0,0,0,0,0,0
52507,5,4,0,0,0,0,8.44767541405856e-06,0.360642425965563,0.34920493318809986,1.9515114748791725e-05,0,0.0017798521389274556,0,0,2.8358044313147907e-05,0.022550803530044003,4.0807379965628166e-05,0,0,2.5066296685151192e-05
52768,5,3,0,0.03051276052632307,0,0,0,0.31413638863708127,0,0,0,1.7445813808885294e-05,0.008499390939418115,2.5843700477292127e-05,0.04040738150229966,0.02243524675913571,0.04928354208966408,0,0,3.147453115145964e-05
52877,5,2,0,7.282670161754433e-05,0,0,0,0.06604078480813023,0,0,0,0.0012083366357182903,0,1.0814436979317997e-05,0.3620683772264889,1.792640082386972e-05,0.006975813386217946,-1.1053508086663506e-05,0.06257513252481386,0
17710,5,3,0,0,0,0,0,0.576895737056585,0,0,0,0,0,0,0,0,0,0,0,0
54281,5,3,0,0,0.5074512768650759,0,0,0,0,0,0,0,0,0,0,0,0,0,0,0
52158,5,2,0,0,0,0,0,0,0,0.4152497871828717,0,0,0,0,0,0.0037194292468683623,0,0,0,0
17709,5,3,0,0,0,0,0,0.5664245339699573,0,0,0,0,0,0,0,0,0,0,0,0
19801,5,4,0,0,0,0,0,0.04572691769604017,0.032656312048429864,4.684997431410385e-05,0,2.4198866818817914e-05,0.020540138394511593,0.07198489192878668,0.15534002971995653,0.019199670336254568,0.16193717514334593,0,7.179491637643435e-06,0
17535,5,2,0,0,0,0,0,0.5607031314649501,0,0,0,0,0,0,0,0,0,0,0,0
17803,5,3,0,0,0,0,0,0.5608100737889591,0,0,0,0,0,0,0,0,0,0,0,0
19814,5,4,0,0,0,0,0,0.12176085121773769,0.15851536240843211,0.06440973037877344,0,1.8383434010619595e-05,0.0035216583626518677,0.02897098787500305,0.018317570179673764,7.403382756819857e-05,0.10357218844947164,0,3.361643493274375e-06,1.3579971491164526e-05
19394,5,4,1.484167891611996e-06,0,0,0,0,0.07695020099517047,0.08494831774359643,0.11790537478706106,0,3.2767107811879934e-05,0.00015263022510922388,0.02360760047206633,0.0512571227513677,0.01246923599823706,0.16791451438309077,0.0009277021635085666,0,0
17503,5,2,0,0,0,0,0,0.40068582560003235,0,0,0,0,0,0,0,0.0005819965758938849,0.005683275687636666,0,0,0
52702,5,4,0,0.04201683298858677,0,0,1.2054261706744056e-05,0.1787227302512002,0.17441202058337085,-3.354699349939257e-05,0,0.00010643479937250671,-1.0946880020805859e-05,1.2092023988837039e-05,2.84723776614843e-05,3.884194557045192e-05,3.488522967987056e-05,9.518231690229239e-07,0,0.11988518757708438
19472,5,4,0,0,0,0,0,0.11607226385934623,0.44131430824232015,0,0,0,0,0,0,0,0,0,0,0
52554,5,3,0,0.04570155619199132,0.06407862501369785,1.1214400033120436e-07,0.08466095214386997,0,0.06017588680515318,0,0,0.058350704056702986,2.4288551452223958e-05,1.017956517057104e-05,0.007319905724057129,0.10616172030656022,0.07561835446486592,0,0,0
53033,5,3,0,0,0,6.89306343505198e-06,0.08848486282382807,0.0005816157403507305,0.04755008360006194,0,-1.1072039491739528e-05,0.015973744801224002,0,3.201955288842719e-05,0.13908829358259248,0.08767466455829166,0.03698104486107181,0,0.10156011185325635,0
24349,1,3,0,0,0,0,0,0,0,0.12843867913148146,0,0.031637775118794904,0.12930547180813798,0.02404748175375402,0.01053931596688988,-0.00016299634143286906,0.12455615015354715,0.0010421919788073332,1.813973911135298e-05,0
25132,1,2,0,0,0,0,0.4862897819262656,0,0,0,0,0,0,0.0005917174348226934,0,0,0.0077972973883227315,0,0,0
23874,1,3,0,0,0,0,0.2661840346750875,0,0,0.14236152598962515,7.122845783927882e-06,0,0,0.0498254279261032,0.03457882599641746,0,0,0,0,0
25059,1,2,0,0,0,0,0.4617505875611081,0,0,0.03389618642939093,0,0,0,0.00024584164637428966,0,0,0,0,0,0
24309,1,4,0,0,0,0,0,0,0,0.035759674918291164,0,0,0,0,0.4642558339258267,0,0,0,0,0
25118,1,2,0,0,0,0,0.4458537594916723,0,0,0,0,0.041917212315327204,0,0.0002571229008670326,0,0,0.003660810276476509,0,0,0
24386,1,2,0,0,0,0,0,0.13967961874350512,0,0,0,0,0.3355340069208539,0,9.58323282420593e-05,0.00450723030374313,0,0,0,0
25130,1,2,0,0,0,0,0.48989351284350624,0,0,0,0,0,0,0.0004214693467060695,0,0,0.005045560939391279,0,0,0
24908,1,2,0,-1.1907609162459419e-05,0,0,2.1671238022519568e-05,1.857351585791166e-05,0,0.001903342821799618,2.26789564143503e-05,0.1475851106473692,0,0.15276519204096387,0.005186741196778813,-4.998431887152337e-05,0.19367957721260387,0,0,1.5239765803386864e-05
24676,1,2,0,0,0,0,0.19643294408393014,7.883770623241136e-05,0,0.2487458561724592,0,0,0.03564603159127709,0.00022074577922254432,4.048001932871559e-05,0.0021393791052328292,0.018652892068183134,0,0,4.7614930367353174e-05
23910,1,2,0,3.9081731180201935e-06,0,0,0.22270588188193496,0,2.1921857704375445e-05,4.4865205167615676e-05,0,0,0.0006782081173907197,0.018257321691873163,0.28170983184860193,0.010066050482623106,0.19990701220215942,0,0,0
23946,1,2,0,0,0,0,0.15052006772454987,0,0.011185468048955701,0.03316855601773748,0,0.010141982748416154,-6.547393637683933e-06,0.00915263013639753,0.18444116795305077,0.025191181562540937,2.2217356047759553e-06,0,0,0
25440,1,2,0,0,0,0,0,0.4480082534624421,0,0,0,0,0,0.00023224832561123676,0,0.0033576120794178953,0,0,0,0
24392,1,4,0,0,0,0,0,0,0,0.08311287985899286,0,0,0.31023830044092887,0,0,0,0,0,0,0
24765,1,2,4.0836411792854244e-05,0,0,0,0.019769275402255603,2.0595427166650713e-05,5.320968288484111e-06,7.48807443699223e-05,0,0.16438400155189842,0.0034705368540090447,0.10310322183927682,0.011361085482529815,0,0.19851949246224776,0,0.002191180985460909,1.6425787843293384e-05
24459,1,4,0,0,0,0,0,0.2166825861546931,0,0,0,0,0,0,0.29322771609965814,0,0,0,0,0
23584,1,3,0,0,0,0,0,0,0,0.39114207933085704,0,0,0,0,0,0,0,0,0,0
24888,1,2,0,0,0,0,0.00745120822103047,-1.9594954044106112e-05,-1.4515450962883713e-07,0.0011234555360090112,0,0.1495574053168591,0,0.16925696332381523,4.3502435475157715e-05,1.6440256576865377e-05,0.17307932484936256,0,1.4340629359779733e-05,1.4024953511447757e-05
24012,1,2,0,0,0,0,0.45789078519600745,0,0,0.031203534057399805,0,0,0,0,0,0,0,0,0,0
24041,1,2,0,0,0,0,0.28456707279534427,5.632895279569206e-05,0,0.1954749546907354,0,0,0,0.00016790168330733197,5.4458356830284395e-06,0.005521049435124348,0.006985667744469331,0,7.958469168919004e-05,0
55723,4,3,0,0,0,0,0.5540584220029711,0,0,0,0,0,0,0,0,0,0,0,0,0
47675,4,2,0,0.14301724709429314,0,0,0,0,0.3523856975557503,0,0,0.005562634878975813,0,0,0,0,0,0,0,0
45198,4,2,0,0,0,0,0.24108958734938013,0.25850971614715845,0,0,0,0,0,0,8.249893551214133e-05,0,0,0,0,0
46971,4,2,0,0,0,0,0.5070471238163322,0,0,0,0,0,0,0,0,0,0,0,0,0
1457,4,3,0,0,0,0,0.3560970666734813,0.019810819648921202,0,0,0,0,1.5062893609210645e-05,0.0016696955945246855,0,0,0,0,0,0
48041,4,2,0,0,0,0,0,0,0.6083447796561379,0,0,0,0,0,0,0,0,0,0,0
44673,4,3,0.2291901255261098,0,0,0,0,0,0.3181233997018452,0,0,7.571869749720378e-07,0,0,0,0,0,0,0,0
46243,4,2,0,0,0,0,0,0,0.6074374006733845,0,0,0,0,0,0,0,0,0,0,0
55924,4,3,0,0,0.5649906234444361,0,0,0,0,0,0,0,0,0,0,0,0,0,0,0
48406,4,2,0,0.12484086936868163,0,-4.8863181747155355e-06,0.21645907767283945,6.609399760821378e-07,0.23971217886576182,0,0,0,0,0,0,2.2329356487976318e-05,0,0,7.46721001941114e-06,0
7209,3,4,0,3.590674427315405e-06,0.07348196062070966,0,0.09540854329140143,0.09201020134131359,0.08750525878770393,1.1550895804868473e-05,0.04429910879556079,0.0036823183818332625,0,0.019124890751753398,1.0568836303747981e-05,8.263679560577818e-06,0.09415663654215259,0,2.5195019282924716e-05,5.336629053962626e-06
7227,3,4,7.636172370844792e-06,-1.996753291302769e-06,0.09740738203348517,0,0.11530912069753405,0.10656056612441225,0.11793307705469525,0.0632369372027416,1.669739358076591e-05,0,0,3.381960819571771e-05,0,0,0,-2.6669216966837417e-06,0,5.460079994460396e-06
11242,3,2,0,0.0032839945656890014,2.7377438217727776e-05,0,0,0.24638455336900655,0,0.2418120421258113,0,0.00024538469483548805,0,9.569761093590195e-05,5.743781253657745e-05,0.0020838454994073293,0,0,0,0
6811,3,4,0,0,4.8323237482861824e-05,0,0.17781852620343,0.18426743072759363,0,0,3.417093516393668e-06,0.0010591030856968125,3.558801727615218e-05,0.18501996984453833,2.2638835139493248e-05,-1.262991963133021e-06,0.020548043717964176,0,0,0
15231,3,1,0,0,0,0,0,0,0,0,0,0,0,0,0.6421482112887934,0,0,0,0,0
12543,3,4,0,0,0,0,0,0,0.5352100578918669,0,0,0,0,0,0,0,0,0,0,0
5596,3,2,0,0,0,0,0,0,0,0,0,0,0,0.5984206966226265,0,0,0,0,0,0
13545,3,4,0,0,0,0,0,0.4131153252114196,0,0,0,0,0.00204256499343748,0,0,0,0,0,0,0
41978,3,4,0,0,2.102311792760128e-05,6.563343152882792e-06,0,0.13092719703680314,0.06292049000876805,0,0,0.006086145026414893,0.017668927138016648,0.0034506552714053305,0.1282930709163568,0.13031011670919943,0.019993826883967267,0.0006254356050832903,0,0
8810,3,4,0,0,0.015055288759236037,3.446969898134521e-06,0,0.06860115123846178,0.018831460286725336,0,0.018495736168479136,1.0334766652396626e-05,2.5677150291059225e-05,0.08352690763818135,0.01671428525923311,0.1197620643449465,0.1622716598611461,0,5.313829849746367e-08,0
30529,2,3,0.0730081152742757,0,0,-3.8623493445993306e-06,0.078262543792379,0.08967528560724433,0.10605877082580234,1.2414865986288828e-06,0.0024330522441997657,0.010743877103181506,0,0.09613872953260394,0,2.618293127365051e-06,0.050339295849994935,0,1.0237268911335255e-05,0
58967,2,4,0,0,1.1870233280120127e-05,2.403667998101957e-06,0.10413820021312972,0.106667589091495,0.1026232676338845,0.0005080339148352218,-1.3580259679970529e-05,0,0.0804941105090684,0,0.012020725536228405,0.09227489134234673,0.0015211331066491104,0,0,0
37552,2,4,0,0,0,0,0.2469549994691951,0.24309667888051706,0,0,0,0,0,0,0,0,0.011727857245400894,0,0,0
33128,2,4,0,0,0,0,0,0.18769988972072185,0,0,0,0,0,0.2912151366203841,0,0.0009674518908801243,0.02018313497650027,0,0,0
33420,2,3,0,0,0,0,0,0.06737048675319873,0,0,0,0,0.00013685923180323885,0,0,0,0,0.0005549619743268518,0.43210211676366117,0
34746,2,4,0.001347519252429676,2.346826077362236e-05,0,0,0.15223554444403073,0.15474793043668508,0.15348546751819203,0.10113142759611397,0,0,0,0,2.7426529769137665e-05,5.2741223207066506e-05,0,0,0,0
60144,2,4,1.685156998460405e-05,1.2953547353237788e-05,0,0,0.1422888824731367,0.14220349743592056,0.1409116784363803,0,0,1.0747393742251366e-05,0,0.037652375104869455,0.038338545526933054,0,0,1.3600150067067825e-05,0,6.357230981318862e-06
25726,2,4,0,0,0,0,0,0,0.4725240170445517,0,0,0,0,0,0.027683230813292194,0,0,0,0,0
30713,2,3,0.004360928732988481,0,0.012697488915342477,0,8.145206441889597e-06,0.12465035248444672,0.014916219049901423,2.003426204280509e-05,1.2864234520861653e-05,0.00028779891945527686,-7.181028107960322e-07,0.09364458355622572,0,0.1389433705558925,0.11523255325074773,0,0,0
58535,2,4,0,0,0,0,0,0.2715596652482237,0.26974343960396036,0,0,0,0,0,0,0,0,0,0,0
18312,5,4,0,0,0,0,0,0.032359841198771375,0.4621126090139393,0,0,0,0,0,0,0,0.003064651855733104,0,0,0
53069,5,4,0,0,0.1533614402205509,0,0,0,0.15286186467714977,0.1438512812660314,0,0,0,0,0,0,0,0.013196505755680881,0,0
19135,5,4,0,2.8035616447771293e-05,0,0,0,0.2471457669290114,0.2425206802179976,0.013892377068112048,0.007309063464003079,0,0,3.525365916975853e-05,0.005230451339071955,0.00010348238474567833,0,0,0,2.248623157868558e-06
53643,5,4,0,0,0,0,0,0,0.27584565264879785,0.27607357759519463,0,0,0,-4.74668664974936e-05,0,0,0,0,0,0
54431,5,3,0,0,0.5090435256946102,0,0,0,0,0,0,0,0,0,0,0,0,0,0,0
54071,5,3,0,0,0.5326726243558202,0,0,0,0,0,0,0,0,0,0,0,0,0,0,0
18385,5,4,0,0,0,0,0,0.5294620003030446,0,0,0,0,0,0,0,0,0,0,0,0
54389,5,3,0,0,0.47446141758909915,0,0,0,0,0,0,0,0,0,0,0,0,0,0,0
53068,5,4,0.020498588665298568,0,0.06871750487718066,0.00033790978565827954,0,0.03421290074387043,0.08095437179415704,0.06423741967260733,0.008934023881621638,0.09728817955362978,0.0014621121020407266,0.004294206600460092,0,0.009191852466729466,0.07577362435126972,0.03624462689409368,0,0
18301,5,4,0,0,0,0,0,0.047287208571902564,0.4475753150883287,0,0,0,0,0.002410988171934828,0,0,0.0002316148572058842,0,0,0
23854,1,2,0,0,0,0,0.1338103528288239,0,2.2925953254706506e-05,0.1796144802810435,0,0,-7.685400582712458e-06,1.023435721735948e-05,-6.313939092089073e-06,0.035007672757291275,0.15167382698095858,0,2.284701611370885e-05,0
24576,1,2,0,-1.8160774456362307e-06,0,0,0.12444282764524046,9.669492486442256e-06,0.07006911468111335,0.1027321152862076,0,0.04057907195022759,0.0018464406939249847,0.02300754014369273,0.01636926879830303,-0.0009559596875463751,0.12443255727208533,6.959763759086666e-06,0,0.006665022646916831
23974,1,2,0,0,0,0,0.07332892454760417,0,3.3753162133362e-06,0.12685434789208064,0,4.2883068488798796e-05,0.024296556680571867,0.05446419702786003,0.00011415927875798451,1.698723518313931e-05,0.21916084488989443,0,3.901663385984061e-05,0
24817,1,2,0,0,0,0,0.26076775384907697,0,0.243690759168599,0.03905356724877614,0,0,0,0,-4.5134857097968816e-05,0,0,-5.31860087191525e-06,0,0
23810,1,3,0,0,0,0,0.4838712208347279,0,0,0,0,0,0,0,0,0,0.016611322122311083,0,0,0
25052,1,2,0,0,0,0,0.4098427619440366,0,0,0.08227849797884851,0,0,0,0.006594021207067091,0,0,0.0005484254808897722,0,0,0
23765,1,3,0,0,0,0,0.4563933257223972,0,0,0,0,0.021389135671917324,0,0,0,0,0,0,0,0
23992,1,2,0,0,0,0,0.32614503988345506,5.720939599029609e-05,0,0.14591834540510837,0,0,0,0,0,0,0.007056303829077163,0,0,0
25140,1,2,0,0,0,0,0.4729996211532397,0,0,0,0,0,0,0.00033522571781805785,0,0,0.016826308903957216,0,0,0
25325,1,2,0,0,-1.1452365054640906e-05,0,0.12202079104040303,0.13210464232859812,0,0.06652207041969901,7.147505776224169e-06,0.11130137314572873,0.0030610363016474024,0.02608095979813295,6.5909668928533356e-06,1.1043456709250905e-05,0.041210798714358815,2.6465203465898046e-06,0,0
48705,4,2,7.440147539419242e-06,0,-6.375126309711554e-06,0,0.12873490633767792,0.1286619848483831,0.12031898551534778,0.12208756786779543,0,2.427583314858554e-05,4.2023688352743364e-05,0,0.008030283598593611,-1.0419310616325463e-05,0,0,0.02187724458997957,8.953732166175026e-06
48135,4,2,0.10524536393935763,0.05588300753569157,0,0,0.14348966295802124,6.023594081417308e-08,0.1483675804520787,0,0,0,-2.47486830222471e-05,0,6.626054732164734e-06,0.008464035334394786,0.02000275939479749,0,0.023128800031476854,5.0883098790492185e-06
55733,4,3,0,0,0,0,0.4764153623499271,0,0,0,0.020176325636118243,0,0,0.001580865232968617,0,0,0,0,0,0
1795,4,3,0,0,0.21641465948909117,0,0,0,0,0,0,0,0,0,0,0,0,0,0.0031981401925705866,0
44656,4,3,0.1709409199811744,0,0,0,0,0,0.17779466881803027,0.17344703675595724,0,0,0,0,-2.1603411912879724e-05,0,0,0,0,0
20506,4,3,0,0,0,0,0,0,0.44960277015270544,0.04686786296200435,0,0,0,0,0,0,0.00020073237685110454,0,0,0
45678,4,2,0,0.05430924322617931,0,0,0,0,0.4374816062247326,0,0,0,0,0.009447509039140389,0,0,0,0,0,0
1383,4,3,0,0,0,0,0,0,0.4880946750759262,0,0,0,0,0,0,0,0.010428240225248516,0,0,0
1433,4,3,0,0,0,0,0,0,0.5732231584907034,0,0,0,0,0,0,0,0,0,0,0
46232,4,2,0,0,0,0,0,0,0.47684424856912044,0.02261320997830786,0,0.00030442622225883417,0,0,0,0,0,0,0,0
43998,3,4,2.202303207216333e-05,0,2.7401824791116817e-05,0,0,0.23896091911308953,0.0014979011370239877,0,0.0282704506580139,0,-9.913968931268076e-06,0.00010899489887052651,0.00012978142492411657,2.0737256928075994e-05,0.22781199932492185,0.0049653803300887915,7.88813667813225e-05,0
22216,3,2,-5.804069105519515e-06,6.1823690643691385e-06,6.107957164987605e-06,0,0.11167473084216747,0.09896195493528742,0.11438000873973803,0,0.12879732754421697,0,0.05097766304226998,-1.2248605916582457e-05,0,0,0,0,3.1848160586689854e-06,0
6417,3,2,0,0,0,0,0,0.04275396888835028,0,0.43955158810257633,0,0,0,0.000274003611677091,0,0.0024361475676476507,0,0,0,0
14274,3,2,0,0,0,0,0.2508349576066139,0,0,0.005630973422916288,0,0.00046432537899405063,0,0,0,0,0,0,0,0
44235,3,4,0,0,0,0,0,0.4617847885504029,0,0,0,4.7224528265950305e-05,0,0,0,0,0.01822003019923194,0,0,0
9604,3,4,0,2.6580454340019752e-05,0,0,0.07872985787243689,0.2078976839617448,0.20529383860054184,-5.830999469766937e-07,0,0.00018981511759502844,0,0,0.004754264672844219,0,0,4.965477523585444e-05,-1.6106555067836073e-05,0
10797,3,2,0,0,0,0,0,0.038250429426811956,0,0,0,0,0.45845715957713395,0.003080333674534542,0,0.00023244157933832992,0,0,0,0
41753,3,4,0,0,0,0,2.6963973205945755e-05,0.15819619815790098,0.17554685199193926,0.18029328535023997,0,0,7.65400504313289e-05,0,-6.486081574279318e-05,0,0,3.181507379206333e-05,0,0
15022,3,1,0,0,9.030123012055537e-06,0,0.14158094397047638,0.14188347161726236,3.5727787813514456e-05,0.12570825573027344,9.282323246934327e-07,0.005301969233778229,3.388036801744815e-06,0.0032443278115189315,0.06855056025170664,0,6.492385113677005e-05,0.00493883004854148,0,0
5989,3,4,0,0,0,0,0,0.13304364897422863,0,0,0,0,0,0,0.0027296258654382357,0.0002507587196203237,0.36179599817982677,0,0,0
36312,2,5,0,0,0,0,0.5503206760108702,0,0,0,0,0,0,0,0,0,0,0,0,0
59403,2,4,0,0,0,0,0,0.5899985026236199,0,0,0,0,0,0,0,0,0,0,0,0
32747,2,4,0,0,0,0,0,0,0.1769198884408573,0,0,1.143027476675631e-05,0.004720482157808445,0.06316396190235166,0,0.06961455551548106,0.176923927737064,0,0.011138101941975054,0
29212,2,4,0,0,0,0,0,0,0.5795763142701907,0,0,0,0,0,0,0,0,0,0,0
16988,2,1,3.739486615581349e-06,0,0,0.01216566898052555,0.06984621940243681,0.03467718102784284,1.2938334799412085e-05,0.12795126023241446,0,0.08239487193548219,2.222008203541112e-06,2.7649222528084652e-06,0,0.0008030980459125517,0.08794361796402297,3.5069073115500973e-06,0,0.10108114628422846
17030,2,1,0.008021479198719591,0,6.226843538449699e-05,0,0.10605404637612546,3.339343720813446e-06,0,0.20573344255718995,0,0,0,4.949854424152986e-05,0.015409042339653567,0.12865357929049656,0.005228075853212669,0,3.906102220896162e-06,0.028799614023011615
40237,2,4,0,0,0.20566349340669907,0,0,0,0.33379823018628685,0,0,0,0,0,0,-1.765563591559426e-05,0,0,0,0
37717,2,5,0,0,0,0,0.39903473956576496,0,0,0,0,0,0,4.7457753090547195e-05,0,0,0.0009994356599733936,0,0.0313694272503458,0
37707,2,5,0,0,0,0,0,0,0,0.5074417953262194,0,0,0,0,0,0,0,0,0,0
27099,2,4,0,0,0,0,0,0,0.5053181011235629,0,0,0,0,0,0,0,0,0,0,0
18514,5,2,0,0,0,0,0.5064489344026151,0,0,0,0,0,0,0,0,0,0,0,0,0
53379,5,2,0,4.073897981032642e-05,0,3.1452164419678946e-06,0.23019087551317677,0.25711132664835606,0,7.414389090155529e-05,0,0,0,0.005979879415974459,2.2031375796579453e-06,0.000246164225966161,-4.882816881833234e-06,8.89103004004438e-05,0.000507123860509106,0
54264,5,4,0,0,0,0,0,0,0,0.5136625265931919,0,0,0,0,0,0,0,0,0,0
54421,5,3,0.03292060828918231,0.04204223501710377,0.19457693809173815,6.2124318651330145e-06,0,0.02985953956592663,0,0,6.775285700385944e-07,0,0,3.4094756305015796e-05,0.1893883041182862,0.010125293025607843,6.402373340079808e-05,0,2.6563726830008123e-05,1.244518542082378e-05
52865,5,4,0,0,4.146070972362316e-05,0,0,0.2126910717320244,0.20243463472532403,0.03357130901641911,0,-4.787169735284124e-05,0,0.008213682046128733,0,6.18531243793017e-05,1.5006150372571296e-05,0.002718156402602019,0,0.040283924340068056
52293,5,2,0,0,0,0,0,0,0,0.4622141797822966,0,0.0007683962144795879,0,0,0,0,0,0,0,0
17669,5,2,0,0,0,0,0,0.4706703916632461,0,0,0,0,0,0,0.009074626441160376,0.00036250251098116776,0,0,0,0
19715,5,4,0,0,0,0,0,0,0.46023529917839795,0,0,0,0.005012135671099839,0,0.0003940058014659543,0,0,0,0,0
17896,5,2,0,0,2.3115666014036173e-05,0,-3.525786318638246e-05,0.22517620807741634,0.06977232148377444,0.11285783526992102,-5.615517392549134e-06,0,1.5421099642568346e-05,0.00010160551573972025,0.0005238772880657082,7.529959812841275e-05,0,4.252553105722283e-05,6.682036253153243e-06,0
52128,5,2,0,0,0,0,0,0,0,0.39382647392759873,0,0,0,0,0,0.015665834329500285,0,0,0,0
23986,1,2,0,0,0,0,0.4468135844463347,0,0,0,0,0,0,0,0,0,0.03346001753548895,0,0,0
24637,1,2,0,0,5.1251576376325324e-05,0,0.19603249834912917,0,3.112743764008701e-05,0.2255634148704459,0,0,0.013585131213748484,0.0013603219000560354,-9.553156858303689e-05,6.031009511731577e-05,0.06811205381263971,0,4.0251808800573226e-05,4.5358720958995136e-05
24745,1,2,0,0,0.017118380563358158,0,0.10021056932278383,0.04908030588979726,0.034845574555978136,0.11164272475099624,0,0.017071199367783018,0,2.5392226761862763e-05,0.0002758915722418534,0.038470714098868215,0.0659988582834935,-4.046161443353416e-06,1.3143201612782497e-05,0.06690435064691576
24021,1,2,0,0,0,0,0.4857088672285605,0,0,0,0,0,0,0,0,0.008506575593062947,0,0,0,0
25259,1,2,0,0,0,-2.4794681698313457e-06,0,0.06881228102281604,0.043061878544699554,0.12086749481315771,1.3272895347430524e-05,0.13248228046471422,0.014659886577948951,0,0.00018018228775601414,0.0013905480381158548,0.14955098333222883,-2.517293148919604e-06,1.858727920070196e-05,0
25195,1,2,0,0,0,0,0.44987447721612306,0,0,0.042726319666406616,0,0,0,0,0,0,0.0013398865017251647,0,0,0
23530,1,3,0,0,0,0,0.43552041620277293,0,0,0,0,0.057968190411221365,0,0,0.00019238102664631746,0,0,0,0,0
24375,1,2,0,0,0,0,0,0,0,0.13587499290116287,0,0.005072551868377983,0.0939112491437909,0.12978925188719084,0.008040620188868471,-2.2863720729218647e-06,0.16776308204994933,0,2.0376610398395257e-05,0
24966,1,2,0,0,0,0,1.800806729065633e-05,0,0,0.046366936647304124,0,0.00011658783275587614,0,0.12292056771023743,0.04179689084424577,0.005928908129316988,0.2853937420521172,0,0,2.1764400026805572e-05
23990,1,2,0,0,0,0,0.4410114281790667,0,0,0.04350418005612392,0,1.694284393630124e-05,0,0,0,0,0,0,0.0006461222420749964,0
1897,4,3,0,0,0.40619698431246437,0,0,0,0,0,0,0.019797447074187485,0,0,0,0,0.0014622896903020086,0,0,0
44621,4,3,0.18192666171231384,0,0,0,3.1550091540455366e-05,0.08599920605911845,0.18931328830381053,0,0,-1.5872281152187733e-05,0,4.325617135269542e-05,0.00019412915147853298,0.018482489355993836,0.0186509300551326,0,2.5492304519511647e-05,0
49781,4,2,0,0,0,0,0.19391295563102795,0.19386527868503928,0.1891621318221594,0,0,0,0,0,0,0,0,2.9100428964569385e-06,0.005815016688752222,0
54770,4,5,0,0,0,0,0,0,0,0.5173483538816966,0,0,0,0,0,0,0,0,0,0
20937,4,2,0,0.1352196367134474,0,0,0,0.1821519133097816,0.12485143922737527,0.11448908622531412,0,0,0.00019340437352823823,3.074487017361194e-05,0,7.477951040444832e-05,3.969087215467909e-05,0.008788286697790736,0,1.3394398911752364e-05
47645,4,2,0,0,0,0,0,0,0.6023324557270794,0,0,0,0,0,0,0,0,0,0,0
51777,4,2,0,0,0,0,0,0,0,0,0,0,0,0,0.000258941749213204,0,0.0022094785754555035,0,0.04320133956974198,0
45397,4,5,0,0,0,0.019160477155980845,-3.5003126686624462e-06,0.15232559594985554,0.15087425174767685,0.0637118656558885,0,9.526147299211984e-05,0.14927416488130182,-0.001241714991315174,-1.554305509301077e-05,0.006339065328641988,0,4.818411570957654e-06,0,-1.6713568434733494e-06
48969,4,2,9.270527433591178e-06,1.1498056979966825e-05,-1.8672190735823205e-06,0,0.15971584988612425,0.16000100625890518,0.15152444938745743,0.15478173634748119,0.008014944469245564,0,3.75609994680196e-05,-4.952328890237459e-06,0,0,0,0,0,0
50552,4,2,0,0,0,0,0.20278806935880092,0.19901523723486653,0,0.1967201406526306,0,1.656224720120524e-05,1.96048210461889e-05,0,1.3559456703121463e-05,6.692985647010704e-05,-1.5729145916644908e-05,0,0.0005840277345494577,0
57688,3,4,0,0,0,0,0,0.5790242486122191,0,0,0,0,0,0,0,0,0,0,0,0
56379,3,4,0,0,0,0,0.009050918971894497,1.2924623339435173e-05,0,0,0,0.17236172437977787,0.027400592564759026,0.024742266814585686,0,0.02916258329597194,0.23388757547390085,0,4.902259876874751e-05,0
10028,3,2,0.029143123309365027,0,0,0,-9.080028448079089e-05,0.3724113002886045,0,0,0.1389916339872794,0.018678237101424026,2.270782867848223e-05,0.33373562741122575,0,0.0044780703209137355,-4.361119024881508e-05,0.021847952021283885,0,0.0003040341577087649
41965,3,4,0,0,0,5.559266520683755e-06,0,0.10221229700308583,0.1036901604970013,0.10875474375171214,0,0,0.052397324256584075,0.006975497216320386,0.04028778401513733,0.07930597464401362,0.009592295178631182,3.284483207735497e-05,0,0
11167,3,4,0.11057761767726783,-5.437905950532248e-06,0,-6.865895968930916e-07,0.11054122314291484,0.09928372957421551,0.1265212966135061,0.11752603004812096,0,0,0,0,0,2.646722834237934e-05,1.3597537684448967e-05,7.780531887005787e-06,0.01789009796369228,0
42057,3,4,0,0,0,0,0.19803554226503628,0.07150997453172182,0,0.22689085987653365,0,9.283161797389056e-05,0,0,0,0.00010068672046233032,0.0026811352568272425,0,0,0
3409,3,4,0,2.5461330877961666e-05,0.061286604615019356,6.412341435055187e-06,0.05512232645678869,0.09612824896800543,0.13042741737527133,0.046099343477244585,0,0.023024349618655175,0,0.003414280513163166,0.010384642475821769,0.0012809164301737575,0.07431991133436668,0.0014729292075791561,0,0
5913,3,4,0,0,0,0,0,0,0,0,0,0,0,0,0,0,0.5380446344054375,0,0,0
41768,3,4,0.08643040421450876,1.602319002900587e-05,3.230596390267469e-05,0.01632098992852735,0,0.1922828438275393,0.18277964263853722,0,0,0,0.010149315539533734,0,7.99710681243869e-05,0.006054399091287148,7.268191027723242e-05,0.01779291172541705,0,0
41868,3,4,0,0,0,0,0,0,0.2502669757164381,0.24522274967089863,0,0,0.005948348101365264,0,0,0,0,0,0,0
26255,2,4,0,0,0,0,0.24901939148307847,0,0,0,0,0,0,0.2821604950920411,0,0,0,0,0,0
28175,2,4,0,0,0,0,0.23613542844296173,0.05566871474968748,0.2593604138535024,0,0,0,0,0,0,0,0.005895873486930307,0,9.31148743507954e-06,0
30695,2,4,0,0,0,0,0,0,0,0,0,0,0,0,0,0,0.5168080463456823,0,0,0
17118,2,1,0,0,0,0,0,0,0,0.1416048700469865,0,1.3925490313999705e-05,0,0.0032273003082772212,0.3550275179702628,0,0,0,0,0
60049,2,4,0,0,0,0,0,0.46459303164182597,0,0.020613977296977018,0,0,0,4.129394414586462e-05,0,0,0,0,0,0
35602,2,4,0,0.11239639226551336,6.7126762627276544e-06,-2.9732181152099786e-06,0.11841818918507349,0.12237768243569162,0.12182112692659976,0,2.012277640855331e-06,-2.0024232799749567e-05,0.028629341786372553,0,0,4.503410985207888e-05,0.0030612211278510013,0,-2.5846000377853456e-05,0
39667,2,4,0,0,0,0,0.1917963687275996,0,0.34731340068833355,0,0,0,0,0,0,0,-9.750903812715625e-05,0,-7.423352678378712e-06,0
38444,2,5,0,0,0,0,0.34948887084966984,0,0,0,0,0,0,0,0,0,0,0,0,0
16252,2,3,0,0,0,0,0,0,0,0,0,0,0,0,0,0.6933407934657461,0,0,0,0
32805,2,3,0,1.0030932704956203e-05,1.60113718664999e-06,0,0.0670612989633463,0.12332892270989415,0,0.013680395643063895,0,0.0016452042685981992,-1.1552863323712219e-06,0.1267791567404395,1.2052308522849318e-05,0.09640568281564377,0.1172731474507831,0.01161478510028875,8.222806066902972e-06,0
54356,5,4,0,0,0,0,0,0,0,0.512252873283198,0,0,0,0,0,0,0,0,0,0
52689,5,4,0,0.24355003894114072,0,0,0.28123261454808224,0,0,0,0,0,0,0,0,0,0,0,0,0
18194,5,4,0,0,0,0,0,0.4623726923072502,0,0,0,0,0,0.024110458503183704,0,0.0014821348780695977,0,0,8.204219420842357e-05,0
53930,5,4,0,0,0,0,0,0,0,0.4302258615538399,0,0,0,0,0.0028440478415932263,0.06477078075466967,0,0,0,0
19848,5,4,0,0.009219806182267242,0,0,0,8.227958857312228e-05,0.07346078454908608,4.6781200311631335e-05,0,6.979253258736724e-06,0.006797720619387741,9.701927728561161e-05,0.15022001915853983,8.775714750069549e-05,0.24519988165661438,0.02431021089663958,0,0
52414,5,3,0,0,0,0,0,0.5296523455570118,0,0,0,0,0,0,0,0,0,0,0,0
53936,5,4,0,0,0,0,0,0,0,0.4840108874388881,0,0,0,0,0.011753851208904773,0,6.512852129522005e-05,0,0,0
52217,5,3,0,7.435964878970962e-05,0,0,0,0,0,2.5637980588675328e-05,0,0.14998628546959433,1.859633234291919e-05,0.00010852069441186053,0.022718203137964875,0.3266638837895558,0,0,0,0
19940,5,4,0,0,0,0,0,0.3157095302575797,0,0,0,0,0,0.031488712550957115,0,0,0.0027252957906110306,0,0,0
18805,5,4,0,0,0,0,4.087480764211829e-05,0.2230572899825094,0.2755758734222127,0,0,0.0014232755410529623,0,0,0.00012347203536957198,0,0,0,0,0
24245,1,2,0,0,0,1.4966858882220176e-06,0,1.3348523013076114e-05,2.681280459185031e-06,0.16295324860776186,2.3103191949317347e-05,5.170552895974502e-05,0,0.008135888681410271,0.1356406776137397,0.008568563755002813,0.1844069324370809,0,0,3.26697136903193e-05
24216,1,2,1.552957427718682e-05,0,0,1.37864749223251e-06,1.3088655277645671e-05,1.2395190093628065e-05,2.6386841955754714e-06,0.1579349251941316,0,0.05966640969504003,0,0.007496301444554155,0.1400554409863028,0.006310578297563276,0.1277343981467669,0,0,3.518147753725729e-05
24681,1,2,2.6327955804279884e-05,0,0,0,0,0.07802456272072335,0,0.13795417090254028,0,0,0.0449992130337705,0.00046440523369857626,0.00046633861653702093,0.11341891282037816,0.11652431801537252,0,0.006384084374070425,4.7597373364857855e-05
24758,1,2,3.069883756376147e-05,-1.2893562790274983e-05,0,0,0.03936865594481009,0.002653269493136903,0,7.396442894429694e-05,1.7574159476291325e-05,0.12572644237465028,0,0.13251535264735442,0.003968068696989055,8.955605166016113e-06,0.2109830052864748,0,0,0
23940,1,3,0,0,0,0,0.13600578580660425,-4.882407236211907e-05,2.1905131581338772e-05,0.12790509755698246,0,0.04799544610108555,0,0.04760378794791582,0.1264606995155685,-5.159656203276478e-06,0.006275575241975899,0,0,0
25078,1,2,0,0,0,0,0.47624641263463774,0,0,0.017846797499048356,0,0,0,0,0.00021518805945528081,0,0,0,0,0
23767,1,3,0,0,0,0,0.4370006288829922,0,0,0,0,0,0,0.035034384328028204,0,0,0,0,0,0
23588,1,3,0,0,0,0,0,0.3279864791600585,0,0.021927418244699442,0,0,0.0006287592045007122,0,0,0,0,0,0,0
23525,1,3,0,0,0,0,0.39900752666476147,0,0,0,0,0.0894829282312649,0,0,0.00248915793561048,0,0.00014202385810786102,0,0,0
23571,1,2,0.40045656137132246,0,0,0,0,0,0,0,0,0,0,0,0.007871053147284715,0,0,0,0,0
47879,4,2,0,0,0,0,0,0,0,0.09031440939748886,0,0,0,0,0.005630331288186312,0,0,0,0.40446840807430406,0
46833,4,2,0,2.1083706657724667e-06,-2.384633402746316e-06,0,0.002170888913876768,0.0991368441566653,0.10055536831235247,-6.5960659070096735e-06,0,0.013714763063068071,0,0.10329895205287842,0.08564655512987965,0.003154338059725053,0.09498061916625852,0,1.9367893696879653e-05,0
724,4,3,0.030710110918354485,1.7508578616807515e-05,0.1874499217755107,0.0008238040558938287,0.09352703649991846,0.18745307545932874,3.04278697263546e-05,1.027619757893012e-05,0,0,0,-1.2446853293803677e-05,0,0,5.725921109693418e-07,0,0,0
50367,4,2,0,0,0,0,0,0.5227372680380812,0,0,0,0,0,0,0,0,0,0,0,0
20058,4,2,0,0,0,0,0.5859904724232576,0,0,0,0,0,0,0,0,0,0,0,0,0
47747,4,2,0.12197100413377462,0,0,0,0.1945312825476371,0,0.2307537566336515,0,0,0,0,0,-1.6706398487879148e-06,-4.971520990597575e-05,0,0,0,0
20963,4,2,0,0,5.308511334812823e-05,0,0.29104256249820143,0.29922637934371676,0,7.45743310907809e-05,0,0,0.0008285774836530933,7.866488313458745e-05,0.008448222011204284,5.2431748852709646e-05,0,0,0,0
46184,4,2,0,0,0,0,0,0,0.48340166265001594,0,0,0.0009211635773920738,0,0,0,0,0.01566945550426784,0,0,0
50634,4,2,0,0,0,0,0.10156645099754662,0.03708178190659106,0.0005340578984612068,0.009599983245429,0,7.287530148081148e-06,0.1012659750058649,0,0.09904862210206937,0.09314036544032349,0,0,0.057960772084868224,0
55817,4,3,0,0,4.299267315250052e-05,-1.0380491330123395e-06,2.1679277984734665e-05,0.11780356377808683,0.03750691982576736,0,0.039834705785029914,0.0035877424459757785,0.10196492749233406,0.11830006934185723,0,0.0010476407344540391,0.05096509638714143,0.02169715711472942,0.014998154093038276,0
20809,4,3,0,0,0,0,0,0.1673566345638297,0.11833954150080761,0.053576124578844406,0,0,0,5.701972193172008e-05,0.016470313842971943,0,0.12664774648142643,4.095464826073947e-05,0.004876765884463425,0
1006,4,3,0,0,0,0,0,0,0,0,0,0,0,0,0,0,0.8675502318185819,0,0,0
45307,4,5,0,0,0.15606986553260427,0,0,0.24251577739133617,0,0,0,0,0.010876857645645764,0,0,0.09103899016134075,0,0,0,0
55649,4,3,1.2830341489137179e-05,1.5552383587579943e-05,0,0.010714926975999878,0,0.155420042740272,0.003830751148600285,0,0.01686638915672863,0.08150716510538697,0.14250907107244526,0.10761232251367385,1.56841284495423e-05,8.026767358154421e-06,0.0020717287074456803,0,1.5939234073719264e-05,0
48586,4,3,0,0,0,0,0,0,0,0,0,0,0,0.008671098380421613,0.3920779122656124,0.09908615058699119,0.00017543381977135064,0,0,0
46704,4,2,3.383338275920882e-05,0,0,0,0,0,0.17129248801637284,0,0,9.92776413718042e-06,2.64092695115315e-05,0.1756298340064446,0.01498254909825569,0.1608923833068903,2.9104582219170503e-05,0,0,0
49933,4,2,0,0,0,0,0,0,0.4808568846255175,0,0,0,0,0,0,0,0,0,0,0
20848,4,3,0,0,0,0,0,0,0.43280078881226386,0,0,0,0,0,0,0,0.010774895053874842,0,0,0
49929,4,2,0,0,0,0,0,0,0.5748277831767188,0,0,0,0,0,0,0,0,0,0,0
55943,4,3,0,0,0.48387316136253167,0,0,0,0,0,0,0,0,0.005017200879210698,0,0,0,0,0,0
14174,3,1,0,0,0,0,0.4457422741094602,0,0,0,0,0,0.045517655290365,0,0.00023238314216765153,0,0.003044150915605302,0,0,0
41507,3,4,0.07300805537472335,2.144744355302982e-05,0,0.03462401198770733,5.938464176258538e-05,0.2892484341014,0.2856981153588083,0,2.1607081155965566e-05,9.945789148998103e-05,-0.001084714566389215,0,0.0001579743901638075,0.00013158075216844134,0,0,-1.313062257371086e-05,0
22031,3,2,0,0,0,0,0,0.3165497322213323,0.11729994997651856,0.010415653960889455,5.138940718603892e-05,0.008328863839958348,0.011250482335415065,2.3535917849191227e-05,0.006073335520037461,0.0009197915656545149,0.0012389670546023854,0.005393894908290488,0,3.1966846859164063e-06
8047,3,2,0,0,0,0,0,0.09062429091617916,0,0,0,0,0,0,0,0.0017125574512244848,0.4079526536920162,0,0,0
44409,3,4,0,-7.886399615054821e-06,0,0,0,0,5.730910907505647e-05,0,0,0.0027084062071385424,0.04948961425407357,0.21160356503832944,0,0,0.2257092613528738,2.3157088572922016e-05,0.000265988739014093,0
12926,3,4,0,0,0,0,0,0.19829088929777622,0.21811068744374115,0,0,0.0002033219206256878,1.847474472081626e-05,0.00195534959545321,9.205001670576108e-05,3.7254857636172407e-05,2.0857907959732027e-05,0,0,0
5122,3,2,0,0.019374083043904457,0.00554437041656821,6.1947434227803235e-06,0.06485190677162966,0.16198795465835936,0.015606965484631264,0.07172342471087095,0.014725087319461152,0.01900365199133213,0.0002992209245456886,0.04270641762505815,0.0018459791022139016,0.03701205551150438,0.044916091281644255,0,4.1818893334303394e-05,0
10671,3,4,2.3835110911924655e-05,6.702108270356792e-06,4.971859986967774e-06,0,0.12242880640814341,0.1315739457025955,0.13192229403631425,0.12447222700517843,0,0,0,0,0,0.0025127900531929756,0,0,0,-1.6919868777363527e-07
14345,3,2,0,0,0,0,0.3422117334779837,0,0,0.016014703331864503,0,0.0008810584146910725,0,0,0,0,0,0,0,0
3031,3,4,0,0,0,0,0,0,0.46616137383968664,0,0,0.03371857457062432,0,0,0,0,0,0,0,0
56690,3,4,0,0,0,0,0.5461549088495405,0,0,0,0,0,0,0,0,0,0,0,0,0
8489,3,4,0,0,0,0,0,0.17708998718005195,0,0,0,0,0,0.3072227261179671,0,0.0012042959683178952,0.00012925438299961638,0,0,0
8639,3,4,0,0,0,0,0.19508978373112118,0,0,0,0,0,0,0.2977293716369873,0,0,0.0073343761609980665,0,0,0
12077,3,5,0,0,0,0,0.47351993169328027,0,0,0,0,0,0,0,0,0,0,0,0,0
56684,3,4,0,0,0,0,0.44756538661623835,0,0,0,0,0,0,0,0.04322780157823456,0,0.004922509847164921,0,0,0
13280,3,5,0,0,0,0,0.2578682378576687,0,4.483905748849331e-05,-4.4222513821925055e-05,0,0.000755916455453486,3.0317548545913358e-05,0.0022900713923167757,0.0003209983310281224,0.22871688386235342,3.3210401600144e-05,0,0,0
56827,3,4,0,0,0,0,0.40999981487315296,0,0,0,0,0,0.0018174169154620452,0,0,0,0.08826469175042029,0,0,0
22822,3,1,0,0,0,0,0.5581936281739606,0,0,0,0,0,0,0,0,0,0,0,0,0
7680,3,2,0,0,0,0,0,0.1924077678827916,0.18856452280095445,0.11466988104717986,1.556270759221113e-06,0,2.2982782094266568e-05,0.013774791444258038,0,0,0.01323223309622553,0,0,0
4722,3,4,0,0.014877127833591039,0.09991265296745346,0.008372952111106932,0.10410027184784613,0.0854205539768486,0.10106649414687773,0,0.03203226040123075,0.02063707823300921,6.90083255345127e-06,0.008160201154703098,-4.696707079515505e-05,0,0.025692509260595887,0.0006435030586498064,0,0
27878,2,4,0,0,0,0,0,0,0.505711193687414,0,0,0,0,0,0,0,0,0,0,0
16691,2,3,0,0,0,0,0.18434471418469275,2.0854026234662152e-05,0,0.15986318193918053,0,0.1558564143270496,0,0.00014918663053692293,1.1035477990091494e-05,3.798995084380743e-05,2.5581157271800534e-05,0,0,9.971783588618355e-06
26931,2,4,0,0,0,0,0.06478426640932343,0,0.43455971187314907,0,0,0,0,0,0,0,0.00024828249485399183,0,0,0
30905,2,3,0,0,0,0,0.23645492324221284,0,0,0,0.1921631043120818,0.04269624143113086,0,0,0,0,-0.00015532502095342578,0,0,0
33008,2,1,0,0,0,0,0,0,0,0.17832970152360272,0,0,0,0.31038674093316404,0,0,0.010716679554504702,0,0,0
31096,2,3,0,0,0,0,0,0,0,0,0,0.6775812878632423,0,0,0,0,0,0,0,0
38263,2,5,0,0,-8.675538738568167e-06,0,0.28241054502177776,0,0,0.2835132327143935,0,0.002488106543165882,0,0.00028709889007424923,0,2.439229609315429e-05,2.149200037145607e-05,1.2402396824325152e-05,0,2.8488899306895773e-05
15923,2,3,0,0,0.2709066196658391,0,0,0.18170905752155248,0,0,0,0,0,7.57331904081049e-05,0,0.0012208191495753403,0,0,0.03032459213274272,0
26861,2,4,0,0,0,0,0,0,0.49871129897254524,0,0,0,0,0,0,0,0.009632189991445866,0,0,0
32937,2,3,0,0,0,0,0,0,0,0,0,0,0,0,0,0.9674335810149942,0,0,0,0
39804,2,4,0.11302489220850356,0.0169456712280264,0,0,0.17742299188224003,0,0.18527418921600208,0,-1.3906650616003315e-06,0,0.0009008085081662941,0.0013778460356463989,0,0,0.0053531165568478185,0,0,0
21816,3,4,0,0,0,0,0,0.03979536305780198,0.45046007428831736,0,0,0,0,0,0,0.0014699183671765975,0.0002726243122770437,0,0,0
29717,2,3,8.514417148701934e-06,1.4692616561051625e-05,0.013911697321826115,0,0,0.12258718535395757,1.2285424395290271e-05,0.10674643621148931,0.10150950272202933,0.008927906085290368,0.051224367836472495,0,9.08125827831686e-06,7.145061742999011e-05,0,0,0.0966485840896074,0
58743,2,4,2.4447119985119708e-05,0.062332587379850195,0.020153978118467065,0,8.342069559529185e-05,0.25793540484625904,0.25165465799489667,0.11663688363118453,0,0,5.5903707017335163e-05,0,0,6.675201820467036e-05,0,-4.942084718182787e-06,0,0
27640,2,4,0,0,0,0,0,0,0.49759703776437186,0,0,0.002016794229347908,0,0,0.00011055336662986798,0,0,0,0,0
33610,2,3,0,0,0,0,0,0,0,0,0,0,0.5987394028431715,0,0,0,0,0,0,0
27088,2,4,0,0,0,0,0.07231635844407114,0,0.427335116133569,0,0,0.00034886220545859336,0,0,0,0,0,0,0,0
32527,2,4,0,0,0,0,0,0,0,0,0,0,0,0,0,0,0.9257795096633076,0,0,0
17111,2,1,0,0,5.5403067463578226e-05,0,0.23939928209073674,0,0,0,0,0.0006543425215971379,0,3.5044448308208256e-05,0.2400530075152547,0,5.0141523769006336e-05,0,0.022068472146770598,0
31148,2,3,0,0,0,0,0,0.07055276991870026,0,0,0,0,0,0.42308232329247464,0,0,0.006819736384216801,0,0,0
58209,2,3,0,0,0,0,0,0.49179210614498103,0,0,0,0,0,0,0,0,0,0,0,0
18906,5,4,0,0,0,0,0,0.10622900907968583,0.39255460812336773,0,0,0.0005289516776443706,0,0,0,0,0,0,0,0
18270,5,4,0,0,0,0,0,0,0.5419930593352913,0,0,0,0,0,0,0,0,0,0,0
17766,5,3,0,0,0,0,0,0.6013990900813179,0,0,0,0,0,0,0,0,0,0,0,0
52469,5,2,0,0,0,0,0.44513937634679246,0,0,0,0,0.0027250777783616002,0,0,0,0,0.00018337784548707668,0,0.050065763439318435,0
17955,5,2,0,0.18259773923835065,0,0,0,0.3040307890632259,0,0,0,0,0.006850741004803675,0,0,0,0,0,0,0
17749,5,3,0,0,0,0,0,0.6543571685761324,0,0,0,0,0,0,0,0,0,0,0,0
19009,5,2,0.1373720854460995,0.05196322589815034,1.5909446080114368e-05,4.278636601013401e-06,0,0.1623847985918685,0,0.13969823072108786,0,3.4618276778403615e-05,0.0027873957745919507,9.043904019315991e-06,0,0.0055281294475051455,6.765726993058119e-05,0,0,0
52349,5,2,0,6.210690181596239e-05,0,0,0,0,0,0.048823400957189726,0,0.12667387326115892,0,0.02680019023176822,0.31757946112359914,5.1987863267849256e-05,0.003083589665589521,0.0038019468762025225,0,0
53232,5,3,1.3395702328303975e-05,0.041456371174925365,0.015328253713651466,0.021014201016132987,0.14962859926525401,0,0,2.4044937579834563e-05,0,2.0235606369953298e-05,0,0,0.16925377133308817,0.03833841351185348,0.028656547239576342,0,0.00938206397552199,0.01276589399600336
19580,5,4,0,0,-9.30406510824272e-06,0,0,0.017267753731020376,0.25202692983403824,0.21221140838304292,0,0,0,0.002063342833668354,6.146295891690537e-05,-7.677481272795015e-06,0.002451496919272774,0.015171074292487957,0,0
53669,5,3,0,0,0.20369487325167282,-7.78463741626044e-06,0.08286482712133869,0.20239823642504534,0,0,0,0,-0.00022929663341109097,0.001392616599126992,0.009315519118265059,0.0014196228082629524,0,0,0,0
52727,5,2,3.651808739492065e-05,0,0,0,0,0.03945533286283877,0,0.19296730398689016,0,0.0014367932222086276,0.017870784111743723,3.0266914144445147e-05,0.16384343501905707,0.00044827689001397707,0.0023257625097806273,0,0.03733498399137332,0
17697,5,2,0,0,0,0,0,0.49555571705685747,0,0,0,0,0,0,0,0,0,0,0,0
52535,5,3,0,0.038727155865225446,0,1.8871471131626426e-06,0.006991424234341886,1.9561146653926732e-05,6.732368951050721e-06,0,0,0.05081133447911358,0.1172407113305476,0.03521361964917623,0.10174971895459341,0.11871786501880395,0.05194020648510267,0,2.8970806743404338e-05,1.7248722907061366e-05
19391,5,4,0,0,0,0,-1.8662166283520328e-06,0.09239279449582999,0.05921914713446568,2.4528697889959848e-05,0.02345030758429623,1.8009598173585957e-05,0.04896126086261472,0.003359061527628156,0.11450792158737445,0.09109134542708752,0.08675109267614357,0.005422440499785696,0,0
54016,5,4,0,0,0,0,0,0,0,0.45808825289388305,0,0,0,0,0,0.035625112217465824,0,0,0,0
19568,5,4,0,0.03225044987754479,0,2.035410185817016e-06,0,0.2585411931632448,0.1430571535456761,0.13859177216829663,1.5968234906869632e-05,-5.4951123137589544e-05,0,0.0001388527346840551,0.00012540197703554684,0,0.00014347226292845078,0.0037139872467603094,0,0
17576,5,2,0,0,0,0,0,0.4992123940211212,0,0,0,0,0,0,0,0,0,0,0,0
18221,5,4,0,0,0,0,0,0.43030473042579154,0,0,0,0,0,0,0,0.0016952555645457154,0.0343856042310903,0,0,0
19548,5,4,0,0,3.1422108696864475e-05,0.004791849798089389,0,0.1038912948499925,0.06277639116416518,0.03263845521353307,0,0,0,0.03013339268922318,0.08399597017829441,0.022274493700385246,0.1582589533419027,0.0012080488495668765,0,1.0233015171391937e-06
24410,1,5,0,0,0,0,0,0,0,0,0,0,0.4982914177339876,0,0.000923409168409838,8.25536134833193e-05,0,0,0,0
23516,1,3,0,0,0,0,0.41391971014270346,0,0,0,0,0.07978435207093248,0,0,0.005162457531085132,0,0.00043766944268829126,0,0,0
24694,1,2,0,0,5.137180207718409e-05,0,0.28150754625040597,0,0,0.20236095176643182,0,0,0,0,0,0.0007893022426606833,0.012943829930450509,0,0,0
24585,1,2,8.638364363267618e-06,0,0,0,0.1034631561259178,0,1.698855290540063e-05,0.15550594959379224,0,0.11225922356636453,0.0025363570932306462,7.547331881319584e-06,0,6.37688107242474e-05,0.15124714317762308,0,6.8812206031020825e-06,0
23730,1,3,0,0,0,0,0.46633223262906476,0,0,0,0,0,0,0,0,0,0,0,0,0
24801,1,2,0,0,0,0,0.19690847681108128,0.1430001776560868,0.15740060982129375,0,0,0,0,0,0,0,0.005066439000327574,0,0,0
24730,1,2,3.802335932711546e-05,0,0,0,0.13663345462972978,0,0,0.12746153023921966,0,0,9.555592326988782e-05,0.0023373327071446468,9.707913912890612e-05,0.22215377357417915,0.005133703115798811,0,0.003752278863583579,0
25314,1,2,0,0,0,0,0.05142878361578486,0.14160700440916946,0,0.04268555001765315,0,0.15245365240050635,0.005502717235824468,4.6563352970028946e-05,0.0004263732794047048,0.0004454272687851786,0.13408647713997374,0,2.970998195344232e-05,0
24704,1,2,0,0,0,0,0.408620200149271,0,0,0.065519258060969,0,0,0,0,0,0,0.0042912555098597776,0,0,0
23766,1,3,0,0,0,0,0.4743130722542662,0,0,0,0,0,0.001245548225142578,0,0,0,0.0001639201833387941,0,0,0
24636,1,2,0,-4.61067384948254e-06,0,0,0.21510230690134596,0,0.12257699444234235,0.2412867221692839,0,0,5.6173907528502555e-05,9.162278430054055e-05,-0.0005509095875276709,5.3422235330488973e-05,0.00010471502497054427,8.05416532464133e-06,0,4.654711940105093e-05
23489,1,2,0,0,4.744730427812275e-06,0,0.14643345655113316,1.1051196535939143e-05,0,0,0,0.017760693581615625,6.940869216643004e-05,0.08117251743853911,0.1841144061402834,1.0528528368548619e-05,0.005881703493488254,0,0,0
23804,1,3,0,0,0,0,0.4509250971679599,0,0,0,0,0,0,0.041638978696267995,0,0,0.001018575067713944,0,0,0
24734,1,2,2.612779374242227e-05,0,0,0,0.09019255115497712,0,0,0.09304943461352906,0,3.268594409375066e-05,0.09307672129024551,0.0039025105054224718,6.884535719202793e-05,0.10928727167630752,0.0008548579870911713,0,0.017131520956439418,0.09347301706354871
25432,1,2,0,0,0,0,0,0.47663019939044066,0,0,0,0,0,0,0,0,0.0011987399782164235,0,0,0
23741,1,3,0,0,0,0,0.5367250026596403,0,0,0,0,0,0,0,0,0,0,0,0,0
24715,1,2,0,0,0,0,0.0014262048735798854,0,0,0.11403049399048377,0,0,0.00013868833236001298,0.0002337817766237051,0.005196728052978439,0.05984443940913621,0.3090262998227956,0,0.003459949475158733,0
24352,1,3,0,0,0,0,0,0,0,0.11974437769429162,0,0.006595079853840814,0.12652723373622246,0.031007663013435872,0.05470395174226796,-4.57372103329205e-06,0.12554482551053422,0.0001542523777808116,1.9127036689488895e-05,0
25376,1,2,1.4095303650935476e-05,0,0,0,7.678258336463856e-05,0.25816313760137116,0,0.24863984431800373,0,0,0.00010543875422490576,2.7695315791267652e-05,0.0008129898249912852,0,0.00014234850522402786,0,6.17472442356659e-05,0
24512,1,2,0,0,0,0,0.3955159939380738,0,0,0.10064419092496141,0,0,0,0,0,0.0025272367759875845,0,0,0,0
20361,4,2,0,0,0,0,0.5284191657814402,0,0,0,0,0,0,0,0,0,0,0,0,0
21305,4,5,0,0,0,0,0.4251659181228268,0,0,0,0,0,0,0,0.034014968782611316,0.000993000712887683,0,0,0,0
50873,4,2,0,0,0,0,0,0.45804828569008194,0,0.033535220532145624,0,0,0,0,0,0,0.001080985285377626,0,0,0
772,4,3,2.6548924355613283e-05,0,0.18296621902439392,0,0.1890330912841667,0.20073517512007133,0,0,0,0,0,0,0,0,0,8.056940998430583e-08,0,0
20290,4,3,0,0,0,0,0,0.491244316603495,0,0,0,0,0,0,0,0,0,0,0,0
1358,4,3,0,0,0,0,0.12443819364867417,0,0,0,0,0,0,0,0,0,0,0.00016277084181678947,0.0012214773383437683,0
55547,4,5,0,0,0,0,0,0,0,0.4894696170511797,0,0,0,0,0,0,0,0,0,0
48376,4,2,0,0,0,0.010539339435757841,0.21258057725691223,0.04643903399116173,0.2170115013449901,0,0,0.02117004837249477,0,0,0,0,0,-0.004129121937406684,0,0
44946,4,3,0.07728007410211903,0,0,4.930255362519731e-06,0,0.11631796723368229,0.08696679566341643,0,0,9.62582001315144e-06,0,0.10191177203413865,0.08454538956000342,0.00019891982315966785,0.03254310331783932,1.6383552547095866e-05,1.0972236937684707e-05,0
1579,4,3,0,0,0,0,0,0,0.4724894247500938,0,0,0,0,0,0,0,0.022153613966582327,0,0,0
57175,3,4,0,0,0,0,0,0.5785500014234727,0,0,0,0,0,0,0,0,0,0,0,0
14648,3,1,0,9.53614026161444e-06,0,0,0.11778079614341977,0.11827843908815401,0.03440211323034265,0.12020824091183767,0,0,0,0.06450581462348548,0.019296866178285188,0.006881393563053003,0.006920252527109354,0,0,0.01261638808333482
2426,3,4,0,0,0.5139671955666879,0,0,0,0,0,0,0,0,0,0,0,0,0,0,0
6499,3,2,0,0,0,0,0,0,0.48413632018548963,0,0,0,0,0.004808278950209275,0,0,0,0,0,0
13204,3,4,0,0,0,0,0.09851388249729942,0.22081949673521367,0,3.929462272857346e-05,0,3.438983658414525e-05,0.00018073715973118373,0.00024718397966130314,0.20698203245735286,0,0.0002171211975585056,0,3.212380855580909e-05,0
44269,3,4,0,0,2.6340404722806943e-05,0,0,0,2.6759032680889552e-05,0,0,3.0937216404060746e-05,5.082687105946872e-05,0.18646313558235755,0.16398336727218915,0.029393707571234225,0,0.08660744512263607,0.05147385882793536,0
43035,3,4,2.9071138106731095e-05,0,0,6.9501660206360344e-06,0,0.38108059674852635,0,0.38042544871366135,0,0,1.4972921772862158e-05,0,0,9.905268394965898e-05,3.670030533352848e-05,0.0001485215854270686,2.27342628985723e-05,0
12189,3,5,0,0,0,0,0,0.5406485356905076,0,0,0,0,0,0,0,0,0,0,0,0
12473,3,5,0,0,0,0,0,0.5091335756380151,0,0,0,0,0,0,0,0,0,0,0,0
22765,3,1,0,0,0,0,0.5208250806911048,0,0,0,0,0,0,0,0,0,0,0,0,0
23082,2,3,0,0,4.851962393226627e-05,0,0.20275938785913594,0.27311792967395276,0,4.219479928719071e-05,0,4.4155434539345316e-05,0,5.6976352329712624e-05,3.333669580014257e-05,0,0,0.0005194695456710516,0.01534491897449711,1.0336993838207914e-06
38593,2,5,0,0,0,0,0,0,0,0.4533815122277177,0,0.00452004545319681,0,0,0,0,0,0,0,0
27116,2,4,0,0,0,0,0,0,0.6961390454784995,0,0,0,0,0,0,0,0,0,0,0
40630,2,4,0,0,0,0,0.20398809339179028,0,0.252897120478161,0,-2.3419168183572508e-05,0,0.04472144238671387,0,0,0,0,4.624318821800047e-05,0,0
23452,2,1,0.4048298794461095,0,0,0,0,0,0,0,0,0,0,0,0,0,0.030665645585508203,0,0,0
35061,2,4,0.02970194055494903,0,0,0,0,0.4706293391707023,0,0,0,0,0,0,0,0,0,0,0,0
28760,2,4,0,0,0,0,0,0,0.4828005132963351,0,0,0.00036961859521559697,0,0,0,0.016131974383883425,0,0,0,0
59947,2,5,0,0,0,0,0.48029231266333144,0,0,0,0,0,0,5.995963732777661e-05,0,0.00042674358144513926,0,0,0.018957053214455413,0
15950,2,3,0,0,0.26859530516284724,0,0,0.22397398846211114,0,0,0,0,0,-8.407784679417829e-05,0,0,0,0,0,0
27152,2,4,0,2.609176844244402e-05,0,0,0.16969659245437993,0,0.3285902224979506,0,0,0.001796451363374716,0,3.347888552162487e-05,0,0,0,0,0,0
18861,5,4,0,0.005249854239272956,0,7.503773358542629e-06,0,0,0.13102413945025138,0,0,0.00012733070113218724,0.07820744232302276,3.477026482400185e-05,0.12822252910319787,0.08027319082417694,0.08873919668049042,0,2.6855317874168298e-05,0
18147,5,3,0,0,0.2021733753697756,0,0,0.2899029474516504,0,0,0,0,0,0,0,0.0007503828670385015,9.833950468232563e-05,0,0,0
19793,5,4,0,0,0,0,0,0,0.5457272893513653,0,0,0,0,0,0,0,0,0,0,0
18952,5,4,0,0,0,0,0,0.2502740559032691,0.2538230060919444,0,0,0,-0.00012420299828744643,0,0,0,0,0,2.9528061693194887e-05,0
54150,5,3,0,0,0.501053396602681,0,0,0,0,0,0,0,0,0,0,0,0,0,0,0
17886,5,2,0,0,0,0,0.4443109690386727,0,0,0.06211746706313555,0,0,0,0,0,0,0,0,0,0
17549,5,2,0,0,0,0,0,0.5775001726748193,0,0,0,0,0,0,0,0,0,0,0,0
52369,5,2,0,0,0,0,0.1684015441633547,0.1566568066209748,0,0,0,1.9838455090008306e-05,4.246934614924861e-05,0.0036073277041802684,0.18758818180706835,2.370619381916141e-05,0.0002703118260202061,0,0,0
53229,5,3,0,0,0.2360605036069696,0,0.2559171241940814,0,0,0,-3.6804659589211154e-06,0,0,0,0,0,0,2.766221275181891e-06,0,0
52785,5,3,0,3.085743368939824e-05,0,0,0.16412784158225446,0.2729810788846744,0,0,0,2.2099920417218495e-05,1.6243508963812014e-05,1.4424139366528981e-05,8.216176973106255e-05,0.004318956732969235,0,0.023624324500152602,4.154641137812013e-05,0.007794240540066178
23827,1,3,1.2135024690883584e-05,3.4679092118949444e-08,0,0,0.1070413696072228,0.012041584224550705,1.2333999460491603e-05,0.08384078994998205,0,0,0.0006326797841240542,0.10288573274866195,0.06620421460417768,0.0002496753707265696,0.09993915381937579,0,0,1.2926418919215294e-06
24469,1,2,0,0,0,0,0.10376776122687363,0,0,0.00875496126924888,3.1939669405219875e-05,0.06128722168987297,1.5073997540768561e-05,0.18196786748842575,4.7236356024865255e-05,2.423312134349309e-05,0.14035563920429728,0,0,0
24400,1,4,0,0,0,0,0,0.18170089691834065,0,0,0,0,0.2938772036008672,0,0,0,0,0,0,0
24090,1,2,0,0,0,0,0.4999862567533837,0,0,0,0,0,0,0,0,0,0,0,0,0
23559,1,2,0,0,0,0,0.33345852601158404,0,0,0,0,0.027179623511268992,0,0,0.001857114744625488,0,0,0,0,0
23802,1,3,0,0,0,0,0.4424205526951946,0,0,0,0,0,0,0.05596932560642395,0,0,0,0,0,0
23529,1,3,0,0,0,0,0.41164181161196844,0,0,0,0,0.07886978755403103,0,0,0.0033040237407104896,0,0.00019288660426247016,0,0,0
24008,1,2,0,0,0,0,0.42276293522723796,0,0,0.0603391951349375,0,4.411515667084393e-05,0,0.0018794041248586248,0,0,0,0,0,0
24844,1,2,0,0,0,0,0.0467857868641704,-9.051834559608619e-06,0,0.05391680731535352,0.06638172102369885,0.040882621976958286,0.0001916180356753763,0.11497248582577083,0.009317514838984336,4.926608278298861e-06,0.16837536382519108,-1.119398216848172e-05,3.746893768264979e-05,0
24573,1,2,0,3.2697092311509416e-06,1.689296288349169e-05,0,0.12268083486455333,0,0.10609527181434983,0.09524086677002205,0.007704982038665571,0.0766407710522898,0.0011051555535258502,-1.359396890984102e-05,0,-0.0018515656523078875,0.10304568332243051,-4.091228344988685e-06,6.260520247238047e-06,0
46567,4,2,0,0,0,0,0,0.4895631810155573,0,0,0,0,0,0.0006071644556445294,0,0,0,0,0,0
46542,4,2,0,0,0,0,0,0.4404490614735417,0,0,0,0.020280518000995063,0,0,0,0,0,0,0,0
45763,4,2,0,0,0,0,0,0,0.36413299313454955,0.13057458043395315,0,0,0,0.04402214177581269,0.024122179377086755,0,0,0,0,0
47323,4,2,-4.304677379057036e-05,0,0,0,0,0.24026881498949804,0.25091295132448815,0,0,0,0.008830453207543835,0,0,0,0,0,0,0
46457,4,2,6.10290966710452e-06,0,0,0,0,0.278557838731993,0.2782805555299214,0,0,0,2.19543535652826e-05,0,0,0,0,0,0,0
49141,4,2,0.13041012637678764,0,0.03708396116122251,0,0.17227678625513396,0,0.1734167306036891,0,0,0.016194771930943243,1.2357762989536705e-05,8.495307066428827e-06,0.009870119958244498,0,0,0,0,0
1068,4,3,0,0,0,0,0,0.08757749503148224,0,0,0,0,0.00676127184588741,0.4054825413050383,0,0,0.00022125675782868844,0,0,0
51721,4,2,0,0,0,0,0,0.47226810447858303,0,0,0,0,0,0,0,0,0,0,0,0
55030,4,5,3.649442967266092e-05,0,0,0,0,0.007594354838037772,0,0.16843082646950858,0,6.665623099135863e-05,0,3.406690548128606e-05,0.0003853166233427218,0.3319063437092462,0.0023070383537251208,0,1.4133229418252857e-05,0
46753,4,2,0.05820401158295324,-3.901303299734258e-06,1.8854047587381516e-06,0,0.010785015659114217,0.1221122160053423,0.12224930354092124,2.202684439012582e-05,0,0.025105273648270785,0,0.103334703801137,0,0,0.048679193634531964,0,0,0.010701116596791078
20921,4,2,0,4.150863941797359e-05,0,0,0,0.29514416800694887,0.2725270519372231,4.7520804947616726e-05,0,0,-1.781031028356677e-05,5.9159642048596784e-05,0,0.00013905129947585306,0.0015726280439601406,2.825653885167775e-05,0,0
49883,4,2,0,0,0,0,0,0.06430569081568882,0.3781793888433377,0,0,0.013502702547253855,0.0004313065111907794,0,0,-4.758167870123667e-05,0,0.04359553912711339,0,0
1513,4,3,0,0,0,0,0,0,0.5479615044933118,0,0,0,0,0,0,0,0,0,0,0
50889,4,2,0,0,0,0,0,0,0,0.320209487252449,0,0,0,0,0,0,0,0,0,0
46613,4,2,0,0,0,0,0,0.4877894366708779,0,0,0,0.007429186953250965,0,0,0.00012973702570002053,0,0,0,0,0
51573,4,5,0,0,0,0,0,0.41853397497614053,0,0,0,0,0.029831372274182786,0,0,0,0,0,0,0
48322,4,2,0.10422663948905539,0.0840036159969244,0,0,0.1918638167455073,0,0.1942920342431178,-8.757847834838906e-06,0,0,0,0,0,0,0.01053497228160784,1.0335046739194473e-06,0,0
51906,4,2,0,0,0,0,0.5639459586046746,0,0,0,0,0,0,0,0,0,0,0,0,0
20553,4,3,0,0,0,0,0,0,0.45136478167280064,0.040854265720794564,0,0,0,0,0.004078944111431418,0,0,0,5.631798575541246e-05,0
51649,4,2,0,0,0,0,0,0.4834016357193235,0,0,0,0,0,0,0.005796130936424307,0,0,0,0,0
57708,3,4,0,0,0.015395630526085034,0,0,0.48393085958767035,0,0,0,0,0,0.000524260374793965,0,0,0,0,0,0
9926,3,4,0,0,0,0,0,0.27627789913815154,0,3.0985697965017556e-06,2.5573652310700837e-05,0.0002154883379706426,6.968023141541363e-05,5.509781540285818e-05,0.27255495216612013,0.03799850344110227,0,0,0,0
44030,3,4,0,0,0,0,0,0.24324674200661237,0,0.24956763513254443,0,0,0,0,0.009079636468709766,0,0,0,0,0
3181,3,4,0,0,0,0,0,0.0326960467155653,0.46047963353607557,0,0,0.002286806369660565,1.7167330110069783e-05,0,0,0,0,0,0,0
11546,3,4,0,0,0,0,0,0.14004580315515655,0,0,0,0,0,0.006674828408419347,0,0,0.3541906486080705,0,0,0
44092,3,4,0,0,0,0,0,0,0.2785176002694936,0.27670699856174774,0,0,0,0,0,0,0,7.243883988573798e-05,0,0
3957,3,4,0,1.1275613423345403e-05,0.09241049843530842,0,0.1143371063621503,0.10460888033408924,0.12201223726286825,0,0.025215198436046273,0.02231909875927341,0,0,0,1.7612381592757938e-05,0.015802539283531605,0.005054653774616353,1.750889750873957e-05,2.999298955889474e-06
10795,3,4,0,-5.299265275085497e-06,0.06286993419723902,-5.850954068436447e-07,0.09090080584177837,0.0421268994821087,0.09248089771238883,0.040895376901995684,0.035951682927371206,0.0731239185096323,0.002552369468906634,0.007150849523600965,0,7.525952390572591e-06,0.059792447387124595,0,0,4.449794616905917e-06
21553,3,4,0,0,0,0,0,0.050092199147321534,0.44273889846489206,0,0,0,0,0,0,0,0.0012452352472560144,0,0,0
56891,3,4,0,0,0,0,0.320858602208392,0.32065852339303913,0,0,0,0,0,0,4.340822846527404e-06,0,0,0,-5.997061774161226e-06,0
42115,3,4,0,0,0,0,0.2391272311635255,0.2709935976027783,0,0,0,0.0050205550189561425,0,0,0,0,0,0,0,0
22113,3,2,2.990227546884847e-06,0,0,0,0,0.14657610063589932,2.3494634139397164e-05,0,5.9045261672116526e-05,0.0001983530834728114,0.27961887511136907,0.001098047158162452,0.02190091687123182,0.02634716436883707,0.008709730351161942,0,0,0
10506,3,2,0,0,0.06193061205226075,0,-2.189564350884194e-06,0.09526227377193147,0,0.13320160299751016,0.05566265351295044,2.7453836031884332e-05,0.15100902939041688,2.9870114837020217e-05,5.577940750055667e-06,0.005699103005154254,0,1.5574076324567306e-05,0,0
12592,3,4,0,0,0,0,0,0.349887657008385,0,0,0,0,0,0,0.011050943618852373,0,0,0,0,0
13098,3,4,0,0,0,0,0,0,0.5322738773446297,0,0,0,0,0,0,0,0,0,0,0
6367,3,2,0,0,0,0,0,0.05050357850090648,0,0,0,0,0,0.447588228634652,0,0.0021152972284577704,0,0,0,0
42805,3,4,0,0,0,0,0,0.18948035651776882,0.1885592187831917,0.1901967012983981,0,0,-1.588000600534145e-05,0,0,0,0,0,0,0
12225,3,2,0,0,0,0,0,0.5617528836101808,0,0,0,0,0,0,0,0,0,0,0,0
57514,3,4,0,0,0,2.375685312459995e-06,0.2634339963313673,0.2575868053911532,0,0,0,0,0,0,0,0,0,0,0,0
4682,3,4,0,0,0.14256917106021297,4.1707964394337e-06,0.14701548816572316,0.0826908689505581,0.14846037627236155,0,0,0,0,0.001716170111645931,-6.52155239958881e-05,0,0,3.033365753137762e-05,3.5191297489863455e-05,0
28319,2,4,0,0,0.16780669020744537,0,0,0,0.3355176264110799,0,0,0,0,0.003709978081162418,0,0,0,0,0,0
27890,2,4,0,0,0,0,0,0,0.6509984382177139,0,0,0,0,0,0,0,0,0,0,0
60457,2,4,4.192841402121614e-06,0,-0.00613113633614049,-2.0276579360649056e-06,0.11818383616702174,0.12345197202257342,0.11895250968278048,0.1192320106732843,0,0,3.800311453199945e-05,-9.462719043434075e-06,4.2588369737955286e-05,0,0,-2.1743598044575106e-06,0.004421142264507197,0.03834029482988819
36625,2,3,0,0,0,0,0,0,0,0,0,0,0.46821704937753117,0,0.011956143745160986,0,0,0,0,0
33311,2,3,0,0,0,0,0,0,0,0,0,0.5677514557658799,0,0,0,0,0,0,0,0
15884,2,3,0,0,0,0,0.42977738514084274,0,0,0,0,0,0,0,0,0.0001641833965744857,0,0,0.027953096035622606,0
28875,2,4,0,0,0,0,0,0,0.48345353739969055,0,0,0,0,0.011892506992767407,0,0,0,0,0,0
36779,2,4,5.752861721958592e-06,0,7.693463752807199e-06,0,0.13612593306839826,0.1356318240731924,0.11421149119990232,0.12238663783990439,0,0,0,0,0.003032699064351416,0,0,0,3.655611291936669e-05,0
31683,2,3,0,0,2.0737957523080466e-05,0,1.8912611746091115e-05,0.05775374250496343,3.202629978158497e-05,0,0.004288125940522699,0.045290870224563,0.08444290343972943,0,0.31480417689865103,3.635936049606408e-05,5.725733174776089e-05,4.59763448444027e-05,0,0
37924,2,5,0,0,0,0,0.3118947599538074,3.6354299495764754e-05,0,0.18546805909426184,0,0,0,2.726359261263774e-05,0,0,0,0,0.0016962163598055668,0
60266,2,4,0,-2.695210276423618e-06,-3.5777006698277382e-06,0,0.33280587582736704,0.3312279102118987,0.2776765143607898,0,0,0,0,0.0016815187092451929,-6.4918886261363965e-06,-1.4358708020500564e-05,-1.0384380872733528e-05,0,0,0
31369,2,3,0,1.427051796549673e-05,0,0,0.010226305636461416,0,0,0,0.0034953453672671095,0.10882691431005351,0.01319825470028925,0.03646139815919867,0.002191978716494081,0.09987877963601537,0.21827049146203267,3.256891508392491e-05,0.0021790732141311717,0
35968,2,5,0,0,0,0,0.47876375201321086,0,0,0,0,0,0,0.015180373461136357,0,0,0,0,0,0
37441,2,5,0,0,0,0,0.3857894364457771,0,0,0.07126176129288496,0,0,0,0,0,0.00510878121643484,0,0,0,0
37971,2,4,-5.71442375644529e-06,1.873158472883571e-05,0,0,0.18185000260766132,0.18672015562975222,4.4033149741675524e-05,0.17547393774792353,0,0,1.6397414898214105e-05,0.00021950679859038605,8.032457083692067e-05,0,0,0.0036732312511103845,0,0
27863,2,4,0,0,0,0,0,0,0.5257530759268271,0,0,0,0,0,0,0,0,0,0,0
38738,2,3,0.028803082307071157,1.6362876174985704e-05,0.1088136291845774,0.0090714981397783,0,0.14943233916485882,0,0.06727534522909955,0,6.524906343553734e-06,0,0.13629809460978565,1.7322737098772906e-05,2.48544805818966e-05,0.0003368643524750187,0,0,8.14554679749014e-06
28752,2,4,0,0,0,0,0,0,0.5740127680627685,0,0,0,0,0,0,0,0,0,0,0
28066,2,4,0,0,0,0,0,0,0.5147260828343214,0,0,0,0,0,0,0,0,0,0,0
32018,2,1,4.119847541890094e-06,0,2.233616344348122e-05,0,1.372067577906792e-06,0.15430738542067207,0.05311747214915605,0,0,0,0.10226349325497185,0,1.2489781188603734e-05,0.02789385130459526,0.1604930623595178,0,1.9069464432254792e-06,1.4272463037046661e-05
52309,5,2,0,0,0,0,0.48708509944579237,0,0,0,0,0,0,0,0.010655690082763673,0,0,0,0,0
53369,5,4,0,0,0,0,0,0.18383592955475656,0.3150335453080153,0,0,0,0,0,0,0,0,0,0,0
52868,5,2,0,7.477852868113786e-05,0,0,0,0.001473618782301399,0,0,0,3.25376614307958e-05,0,0.0005599624482313754,0.45404963658477143,0.0011830317749084735,0.0038828579685049676,0,0.0342994343259546,0
53865,5,4,0,0,0,0,0,0,0,0.4716756436473839,0,0,0,0,0,0,0,0,0,0
18025,5,2,0,0.17765848477942958,1.7845351882434238e-05,0,0,0.33544304069228104,0,0,0,0,0,0,0,0,0,0,0,0
52975,5,2,0,0,2.64077569616608e-05,0,0.1494068047547551,0.05107469672555707,0,6.650365762444137e-06,0,0,0.0005139447314415944,0.0008403561922627814,0.17135258970909675,0.13976195096455585,4.328346531717675e-06,0,4.753038749562513e-05,0
53627,5,3,0,0,0.2564055887483033,0,0.24848831502604476,0,0,0,0,0,0,0,0,0,0.0036619369454356223,-9.715866728519058e-06,0,0
17554,5,2,0,0,0,0,0,0.5577065578709369,0,0,0,0,0,0,0,0,0,0,0,0
53098,5,3,0,0.14962659315354562,0.18908855072062672,0,0.1817026256440719,0,0,0,0,0,0,0,0,0,0,0,0.006551201556514232,-5.374125581856723e-06
53599,5,4,0,0,0.24871284945397945,0,0,0,0.2571714064139441,0,0,0,0,0,0,0,0,0,0,0
19062,5,4,0,0,0,0,0,0.26515453430572805,0.268475947678768,5.561255827630498e-06,0,-2.3423261831124283e-05,0,0,0,0,0,0,0,0
52796,5,2,0,0,0,0,0.20600100010261926,0,0,0.272120633248,0,0,0,0,0.012640031310480316,0,0,0,0,0
17499,5,2,0,0,0,0,0,0.3205897069991159,0,0,0,0,0,0,0,0.013736144468864744,0.00033986557581848487,0,0,0
19058,5,4,0,0,0,0,0,0.24282673644919334,0.2442516753193271,0,0,0,0.009023694639267367,0,0,0.0005215336169217504,0,-5.3357427513232115e-05,0,0
18596,5,3,0,0,2.5958380652015426e-05,0,0.03395819081347139,0.2803771814465651,-9.120098932672207e-05,0.17166386846725204,0.07746114935063554,-8.458042011419194e-05,8.951633648401994e-05,-8.694049229909639e-06,0,9.866971760955594e-07,-9.851995114414252e-06,0,0,0
17971,5,2,0,0,0,0,0.18555892042389543,0.24694509104995493,6.462733316959222e-05,0,0,0,0,0.0030458410907588684,0,0,0,0,0,0
53190,5,3,0,2.4432380723063433e-05,0.11073618436580432,0.012978060106364694,0.14761457590706173,0.0023465214498096586,0,3.1506152959836576e-05,5.274171374443749e-06,0.0025507158026262366,0.0005776241580377646,0,0.16490129240768667,0.026677466119136198,0.008135221484310867,0,0.03365705453925771,0
53775,5,4,0,0,0,0,0,0,0,0.5964126220264971,0,0,0,0,0,0,0,0,0,0
54418,5,4,0,0,0,0.00836278731673203,0,0.10692644530308547,0.041502121698474,0.09370184896981094,1.5356348270106574e-05,0.15571292022168276,1.0918960958790602e-05,0.0007453039109703535,3.224582687280743e-05,0.09280346158559408,1.1435408124415561e-05,0.0004958921544426847,0.0014622524373551057,0
17718,5,3,0,0,0,0,0,0.6215095633194042,0,0,0,0,0,0,0,0,0,0,0,0
24733,1,2,2.7868805052047678e-05,0,0,0,0.0417484896100353,0,0,0.13840384189104057,-1.110346893841201e-05,0,0.05337015067291266,3.214011512719467e-05,0.005305331571392906,0.13439769342065544,0.040121279529620524,1.7985737655583322e-05,0.005269029585206786,0.08084765557864139
23691,1,2,0,0,0,0,0.41021339378366395,0,0,0,0,0,0,0,0.003744976861460188,0.000371260842284118,0,0,0,0
23821,1,3,0,0,0,0,0.1414176126098805,0.0772291981713575,0,0.10732740588114804,0,4.282313677239404e-05,4.336281267155821e-06,0.1298207333271318,0.00946322274208414,0,0.029993031823804923,0,0,0
24744,1,2,-1.0388649937190797e-05,0,0.03229587955816581,0,0.12165285708523926,0,0.08346402839579832,0.09478414064822979,1.0549831479158798e-05,-1.7573033293317846e-05,0,-2.7859302103152267e-05,0.00018207814572131957,0.0876449321936787,0.00265237273083783,0,3.099291370718219e-05,0.10677553672901087
24043,1,2,0,0,0,0,0.4748419812219025,0,0,0.015509109953502714,0,0,0,0,0,0,0.0013846205096643158,0,0,0
24957,1,2,0,0,0,0,9.540368491605536e-06,0,3.1479177962709063e-06,0.09034183560690912,0,0.026422714766367976,0,0.10561599993973021,7.279535155746845e-05,0.0017451199001679708,0.2975418174354106,0,0,0
24203,1,2,0,0,0,0,0,0,0,0.42683693093475356,0,0,0,0,0,0,0.07711792334073536,0,0,0
25106,1,2,0,0,0,0,0.44798095415544914,0,0,0,0,0.02871345776991151,0,0,0,0,0.00030356251460892807,0,0,0
25365,1,2,0,9.843821265725884e-06,0,0,0.15054482109041661,0.1650008645472653,0,0.14188300017432828,0,0,6.73700950136709e-05,5.9060531207862095e-05,0.0010676058167792416,0,0.0001282573520573588,0,5.9303720988303536e-05,0.042115275215450096
24872,1,2,0,0,0,0,2.5588874206860618e-05,-2.7877861856701005e-05,3.0953445676302122e-06,0.01975904668057406,0,0.08653414832041648,3.0323540854485656e-05,0.19466239556996437,0.019351645834476384,-1.100571494999765e-05,0.19964841772975442,-6.840188118050307e-06,0.002331689182025242,0
24904,1,2,0,0,0,0,2.2844676907931885e-05,-2.0661928159145923e-05,-2.235657315232155e-07,7.081564758384263e-05,2.4948011384121397e-05,0.13531292788372726,0,0.15364763297967038,0.0017595098101234605,-0.000213216810831808,0.2160558484322978,0,0,0
23826,1,3,1.118635917426157e-05,0,1.1553313076570112e-05,0,0.09291519767424952,3.663882100206981e-05,0,0.09112225353354542,0,0,7.835131102004983e-06,0.09402565913100419,0.08723333509694295,0.001268217236284894,0.10241826577815252,0,3.4391340577420244e-07,0
25032,1,2,0,0,0,0,0.33378390405164476,0.15298939318851412,0,0,3.437844040290753e-05,0,0,0.010768898948048573,0,0,0.0011434868098930176,0,0,0
24363,1,2,0,0,0,0,0,0,0,0,0,0,0.002156543594233785,0,0,0,0.08126123560650446,0.41652220756706226,0,0
25384,1,2,0,0,0,0,0.16745595724794993,0.1575374964269947,0,0.15162727746262966,0,0.017889786619545656,0.0005921706494092598,0.006229053075337058,3.822940454341824e-05,0,0,0,5.0588901726201064e-05,0
25243,1,2,0,1.395920035653709e-05,0,0,9.438040401032848e-05,0,0,0,0,0.1855193255403345,0.0020184045481070733,0.08836887099113193,8.13190923233889e-05,0.004091215101764144,0.21107376208555406,0,0,0
25398,1,2,0,0,0,0,0.09641111652324146,0.12228735113050596,0.08184314319748147,0.1340980308293063,0,0.01922944248572681,0.0007309884102754667,0,8.568746515053623e-05,0,0.04119103479493158,5.663099859631846e-06,0.006940527535540165,0
23893,1,2,0,0,-3.314386825869404e-05,0,0.20331616343032663,3.995736665954841e-05,0,0.04214822047965113,0,3.285010735430132e-05,-9.676381912207865e-05,-0.01877068981190076,0.23550009898251972,0.007204858332411224,-0.0189685926081848,0,0,0
23716,1,3,0,0,0,0,0.4392860770157509,0,0,0,0,0,0,0,0.008472800407183456,0,0,0,0,0
24991,1,2,0,0,0,0,0.4865539705982198,0,0,0,0,0,0,0,0,8.469044863952438e-05,0.008486561339764151,0,0,0
51218,4,2,0,0,0,0,0.48618643861558497,0,0,0,0,0,0,0,0.014121563255309479,0,0,0,0,0
